FID_,Join_Count,TARGET_FID,POINTID,GRID_CODE,SceneName,Count,StartYear,EndYear,RangeYear,X,Y
,1,0,1,1.000000000000000,39128db1-1b55-2908-9f71-e80da2ea26ab,4,2008,2014,6,117.584999999999990,3.415000000000000
,1,1,2,1.000000000000000,32d5ac39-6936-1b82-de12-cdc99f29a293,6,2008,2014,6,117.625000000000000,3.415000000000000
,1,2,3,1.000000000000000,3f0859b9-ac3a-8a66-dbde-ddcbc76dd7e8,3,2008,2014,6,117.625000000000000,3.405000000000000
,1,3,4,1.000000000000000,b0b343cb-5c62-a609-259a-232d8fcc9e02,6,2002,2015,13,117.944999999999990,2.405000000000000
,1,4,5,1.000000000000000,e3da8493-ca38-6098-1dea-56330bceb2e3,6,2002,2015,13,117.955000000000000,2.405000000000000
,1,5,6,1.000000000000000,c2a52737-b1e3-58fb-4059-62c66cd690fb,5,2002,2015,13,117.965000000000000,2.405000000000000
,1,6,7,1.000000000000000,01ad6a04-b03f-bc11-85d9-8ba899737f34,5,2002,2015,13,117.974999999999990,2.405000000000000
,1,7,8,1.000000000000000,2484c1f2-6497-d126-970e-2ca5d27e4c96,6,2002,2015,13,117.985000000000000,2.405000000000000
,1,8,9,1.000000000000000,def0a7fc-7b8a-4490-2165-0fb261df17ef,5,2002,2015,13,118.015000000000000,2.405000000000000
,1,9,10,1.000000000000000,cc22cacb-e2b4-f391-f5ba-edac738c6676,6,2002,2015,13,117.944999999999990,2.395000000000000
,1,10,11,1.000000000000000,2f3edfa9-9586-9bd7-87df-80c5db5acf30,5,2002,2015,13,117.965000000000000,2.395000000000000
,1,11,12,1.000000000000000,36601523-177f-3eec-543d-2f7b21eada0e,5,2002,2015,13,117.974999999999990,2.395000000000000
,1,12,13,1.000000000000000,e5ad1856-6bcd-c96e-c2d3-a214b530c9a5,6,2002,2015,13,117.985000000000000,2.395000000000000
,1,13,14,1.000000000000000,3346152b-5398-7ed1-1fde-fe698cd066af,7,2002,2015,13,117.995000000000000,2.395000000000000
,1,14,15,1.000000000000000,ef2fdaf3-f1a2-bf30-056d-d2d2696a041e,6,2002,2015,13,118.005000000000000,2.395000000000000
,1,15,16,1.000000000000000,51ca525d-624e-66e4-a9a4-f769401b32a3,5,2002,2015,13,117.944999999999990,2.385000000000000
,1,16,17,1.000000000000000,7e00b981-cc9c-2192-1638-366e92464645,5,2002,2015,13,117.955000000000000,2.385000000000000
,1,17,18,1.000000000000000,fa7bc512-faf5-e2eb-b1ee-320dce3bcbf5,5,2002,2015,13,117.974999999999990,2.385000000000000
,1,18,19,1.000000000000000,3721a787-7c46-1fd2-6b3a-eb04f680e0f1,6,2002,2015,13,117.985000000000000,2.385000000000000
,1,19,20,1.000000000000000,bbfd1a84-fb0a-b82e-2460-fd0e1362fcee,7,2002,2015,13,117.995000000000000,2.385000000000000
,1,20,21,1.000000000000000,56869425-a002-c094-5343-280a09de1d5d,6,2002,2015,13,118.005000000000000,2.385000000000000
,1,21,22,1.000000000000000,24efdcae-db7d-ef5f-e0a5-1555b836b6bf,5,2002,2015,13,118.025000000000010,2.385000000000000
,1,22,23,1.000000000000000,dbde5713-29ab-f71a-867a-22e218429a76,5,2002,2015,13,117.944999999999990,2.375000000000000
,1,23,24,1.000000000000000,016f68a5-31ff-1785-f172-e411bc98361e,5,2002,2015,13,117.955000000000000,2.375000000000000
,1,24,25,1.000000000000000,bcb65956-9f4c-3ed2-987e-624e5853d64d,5,2002,2015,13,117.974999999999990,2.375000000000000
,1,25,26,1.000000000000000,3fd12b6e-e63d-fbc0-be22-c0b15cac6b69,7,2002,2015,13,117.995000000000000,2.375000000000000
,1,26,27,1.000000000000000,b76f31c5-eec5-24e5-c375-29d55eb67cc0,6,2002,2015,13,118.005000000000000,2.375000000000000
,1,27,28,1.000000000000000,4b640cab-3400-501b-46ea-4357b9e77ecf,5,2002,2015,13,118.015000000000000,2.375000000000000
,1,28,29,1.000000000000000,c73dd739-b57d-9db0-810c-5b0a55d3030f,5,2002,2015,13,117.944999999999990,2.365000000000000
,1,29,30,1.000000000000000,90e7fbc5-d2e2-1f44-7a9b-3051547dd0f8,5,2002,2015,13,117.955000000000000,2.365000000000000
,1,30,31,1.000000000000000,93b77d4f-fe97-928c-1a1c-9f419d31ef76,5,2002,2015,13,117.965000000000000,2.365000000000000
,1,31,32,1.000000000000000,d812196d-8562-f11d-c723-24ac8ea934ac,5,2002,2015,13,117.974999999999990,2.365000000000000
,1,32,33,1.000000000000000,a786ca26-aa75-ba82-6883-3fc3c8625809,6,2002,2015,13,117.985000000000000,2.365000000000000
,1,33,34,1.000000000000000,73f819fb-8c5f-0923-7563-d575d2c86b4c,7,2002,2015,13,117.995000000000000,2.365000000000000
,1,34,35,1.000000000000000,e6e2c6de-ed09-875d-451d-72b36c847d41,6,2002,2015,13,118.005000000000000,2.365000000000000
,1,35,36,1.000000000000000,cb9ec006-1dad-81b1-4829-593e7f8587d2,5,2002,2015,13,117.955000000000000,2.355000000000000
,1,36,37,1.000000000000000,449f8ac5-fd74-3b7d-562b-cb2a6fec617a,5,2002,2015,13,117.974999999999990,2.355000000000000
,1,37,38,1.000000000000000,664377d2-5733-132e-0f9f-6c0bd420d714,6,2002,2015,13,117.985000000000000,2.355000000000000
,1,38,39,1.000000000000000,059ef41c-7727-1259-dcf4-c3e5b3568099,7,2002,2015,13,117.995000000000000,2.355000000000000
,1,39,40,1.000000000000000,5f725ba5-3024-fdc4-5142-42c6e6b410fc,6,2002,2015,13,118.005000000000000,2.355000000000000
,1,40,41,1.000000000000000,d82e29c3-9d6c-0565-4f27-b803b4976332,5,2002,2015,13,118.015000000000000,2.355000000000000
,1,41,42,1.000000000000000,c27db740-385d-46e1-7935-055b621326ec,5,2002,2015,13,118.025000000000010,2.355000000000000
,1,42,43,1.000000000000000,83da4a84-fa0c-3491-8821-4fe30e3410a8,5,2002,2015,13,118.035000000000000,2.355000000000000
,1,43,44,1.000000000000000,6420f786-4f22-0882-8f7e-fdccb3342bcd,5,2002,2015,13,117.955000000000000,2.345000000000000
,1,44,45,1.000000000000000,e2216c5f-403a-3712-2a70-a0b3ca2582fc,5,2002,2015,13,117.965000000000000,2.345000000000000
,1,45,46,1.000000000000000,c01eacd7-44d1-7a2c-47c3-13202badb98c,5,2002,2015,13,117.974999999999990,2.345000000000000
,1,46,47,1.000000000000000,7a811b3a-c768-9d74-6ec8-6c88cd7ae8fc,6,2002,2015,13,117.985000000000000,2.345000000000000
,1,47,48,1.000000000000000,d1d2b32d-a0f5-4020-adc9-895177b1309c,7,2002,2015,13,117.995000000000000,2.345000000000000
,1,48,49,1.000000000000000,1979d6b1-d874-0dae-a1b6-17b73fca2c2c,5,2002,2015,13,118.015000000000000,2.345000000000000
,1,49,50,1.000000000000000,aaf482ba-4753-e171-0cb1-c4b23a5b4801,5,2002,2015,13,118.025000000000010,2.345000000000000
,1,50,51,1.000000000000000,dfcedc8c-4e38-4525-680e-632598c5a5ac,5,2002,2015,13,118.035000000000000,2.345000000000000
,1,51,52,1.000000000000000,e1d6b21a-7593-995b-0c09-db14adf62601,5,2002,2015,13,117.944999999999990,2.335000000000000
,1,52,53,1.000000000000000,3a503935-e348-2914-9a0a-c8d282ccaad8,5,2002,2015,13,117.955000000000000,2.335000000000000
,1,53,54,1.000000000000000,8f284452-bb2b-f554-d609-fbdc4fd307ca,5,2002,2015,13,117.965000000000000,2.335000000000000
,1,54,55,1.000000000000000,2457b7cc-2115-d4dc-c536-4360dff89e93,5,2002,2015,13,117.974999999999990,2.335000000000000
,1,55,56,1.000000000000000,85927de0-6739-ff7b-ec90-ce6a7519d418,7,2002,2015,13,117.995000000000000,2.335000000000000
,1,56,57,1.000000000000000,dffc597c-92f5-5ae5-5f7e-879d0e4e6a89,6,2002,2015,13,118.005000000000000,2.335000000000000
,1,57,58,1.000000000000000,5f694f89-7428-29db-5ece-1acb7419d6e8,5,2002,2015,13,118.015000000000000,2.335000000000000
,1,58,59,1.000000000000000,954b811d-28c1-d231-72fb-8bc87d9e202f,5,2002,2015,13,118.025000000000010,2.335000000000000
,1,59,60,1.000000000000000,3eee44b2-2628-475c-3758-154f956d828c,5,2002,2015,13,118.035000000000000,2.335000000000000
,1,60,61,1.000000000000000,89eaf9bd-5ff2-7fe8-383d-00faa4d2fe3b,5,2002,2015,13,118.045000000000000,2.335000000000000
,1,61,62,1.000000000000000,5858553f-3faf-fc5f-0470-48106dc9561d,5,2002,2015,13,118.055000000000010,2.335000000000000
,1,62,63,1.000000000000000,f61eba68-cdfa-e879-3ffe-4fbbd4d5d717,5,2002,2015,13,117.944999999999990,2.325000000000000
,1,63,64,1.000000000000000,58cb930f-8ca8-6593-e2c9-3d4e88efdac1,5,2002,2015,13,117.965000000000000,2.325000000000000
,1,64,65,1.000000000000000,b55ca110-244d-de94-aa12-1eabe09b7631,5,2002,2015,13,117.974999999999990,2.325000000000000
,1,65,66,1.000000000000000,7875401a-1fb2-d2e1-fc57-274535409323,7,2002,2015,13,117.995000000000000,2.325000000000000
,1,66,67,1.000000000000000,616bd199-92ea-a0e5-c41a-896bda7755bf,6,2002,2015,13,118.005000000000000,2.325000000000000
,1,67,68,1.000000000000000,3dbf98f7-a307-a660-63dc-d6e1fdc165bd,5,2002,2015,13,118.025000000000010,2.325000000000000
,1,68,69,1.000000000000000,54e96577-2c41-ff93-1439-8aa84153c3bd,5,2002,2015,13,118.035000000000000,2.325000000000000
,1,69,70,1.000000000000000,58c300bb-4baf-0cdd-7222-3f75a9c99194,15,2002,2015,13,118.045000000000000,2.325000000000000
,1,70,71,1.000000000000000,a19a3d18-86f5-0e00-7881-c2198f3d209d,5,2002,2015,13,118.055000000000010,2.325000000000000
,1,71,72,1.000000000000000,23bbf0a2-1cbd-d8ca-55ff-e61f5051def3,5,2002,2015,13,117.944999999999990,2.315000000000000
,1,72,73,1.000000000000000,3250f8cb-795e-0bd8-0455-a24adbfdd5be,5,2002,2015,13,117.955000000000000,2.315000000000000
,1,73,74,1.000000000000000,426b5cf3-cfce-68ce-2071-b437c24539d1,5,2002,2015,13,117.965000000000000,2.315000000000000
,1,74,75,1.000000000000000,7423c45c-626f-4b76-48bf-bff79223a502,5,2002,2015,13,117.974999999999990,2.315000000000000
,1,75,76,1.000000000000000,4036a4e4-d968-b0ea-d7d2-802bfee94199,7,2002,2015,13,117.995000000000000,2.315000000000000
,1,76,77,1.000000000000000,586582ee-80db-b107-3852-81aac4b0c412,6,2002,2015,13,118.005000000000000,2.315000000000000
,1,77,78,1.000000000000000,67508ab6-cf1e-579c-c09f-de9a63f9829a,5,2002,2015,13,118.015000000000000,2.315000000000000
,1,78,79,1.000000000000000,f88633b0-aae7-4a0a-5815-c51959d6a404,5,2002,2015,13,118.025000000000010,2.315000000000000
,1,79,80,1.000000000000000,0e70bc08-b8cc-a8a5-6c55-8c617dd0f4d5,5,2002,2015,13,118.035000000000000,2.315000000000000
,1,80,81,1.000000000000000,9d7fe681-1d96-149a-fdf6-e5cc0cdd4fb6,5,2002,2015,13,118.045000000000000,2.315000000000000
,1,81,82,1.000000000000000,7503c3f1-a819-7666-5e1e-6d9343e3d024,5,2002,2015,13,118.055000000000010,2.315000000000000
,1,82,83,1.000000000000000,e4b5506f-38d6-de2b-c519-cb8377287038,5,2002,2015,13,117.944999999999990,2.305000000000000
,1,83,84,1.000000000000000,ef2e9ccc-d96c-2eff-cb36-37a1e580942c,5,2002,2015,13,117.955000000000000,2.305000000000000
,1,84,85,1.000000000000000,2df27e96-aa39-2b18-de5b-293ad77d37be,5,2002,2015,13,117.965000000000000,2.305000000000000
,1,85,86,1.000000000000000,ab0f97b8-67e0-d96d-3006-b440834fa5b3,5,2002,2015,13,117.974999999999990,2.305000000000000
,1,86,87,1.000000000000000,beb1d04f-12b0-0fc1-563d-a988b6186f8c,6,2002,2015,13,117.985000000000000,2.305000000000000
,1,87,88,1.000000000000000,1f75aaae-716b-ff9b-017a-94840e12ea4c,7,2002,2015,13,117.995000000000000,2.305000000000000
,1,88,89,1.000000000000000,f5f20e10-742f-bc4c-4d50-f58b12210b88,6,2002,2015,13,118.005000000000000,2.305000000000000
,1,89,90,1.000000000000000,6e15910c-90b7-36b3-47ed-7d5af152de86,5,2002,2015,13,118.015000000000000,2.305000000000000
,1,90,91,1.000000000000000,dd6e88aa-ad53-7c7e-736b-2627ed4f823b,5,2002,2015,13,118.025000000000010,2.305000000000000
,1,91,92,1.000000000000000,77ff77b3-172f-cb3f-44c2-be8a48df72c8,5,2002,2015,13,118.035000000000000,2.305000000000000
,1,92,93,1.000000000000000,490e272b-84e7-e6a7-c9f1-2c8222766804,5,2002,2015,13,118.045000000000000,2.305000000000000
,1,93,94,1.000000000000000,f0504216-2f1f-c373-ef14-2c8fe62aaf57,5,2002,2015,13,117.944999999999990,2.295000000000000
,1,94,95,1.000000000000000,7575d8fb-9c91-7709-7c9c-e7bc976af69e,5,2002,2015,13,117.955000000000000,2.295000000000000
,1,95,96,1.000000000000000,46a4a1e5-a60b-6b20-770a-64678b919861,5,2002,2015,13,117.965000000000000,2.295000000000000
,1,96,97,1.000000000000000,e459e4e5-a807-f882-16ca-f519bc57835b,6,2002,2015,13,117.985000000000000,2.295000000000000
,1,97,98,1.000000000000000,9a14f745-a6e1-1eae-7925-2b0620ef9adb,7,2002,2015,13,117.995000000000000,2.295000000000000
,1,98,99,1.000000000000000,b397ba7e-e421-2353-89e8-48bc6f297da4,6,2002,2015,13,118.005000000000000,2.295000000000000
,1,99,100,1.000000000000000,00d84318-949a-0994-d8b7-7a12ca3e7b3e,5,2002,2015,13,118.015000000000000,2.295000000000000
,1,100,101,1.000000000000000,2db5086e-f374-2fd9-51fc-b4f38a5bd0dd,5,2002,2015,13,118.025000000000010,2.295000000000000
,1,101,102,1.000000000000000,7bc97e20-8c86-e9a1-07bb-726485ea4cae,5,2002,2015,13,118.035000000000000,2.295000000000000
,1,102,103,1.000000000000000,56b0d38e-96c9-7b7f-d7ac-94527ecda859,5,2002,2015,13,118.045000000000000,2.295000000000000
,1,103,104,1.000000000000000,140839d2-f92e-4a2d-2a09-c64aab8a9e6e,5,2002,2015,13,117.955000000000000,2.285000000000000
,1,104,105,1.000000000000000,91f24c8c-c834-a9be-6633-dbcaafe17c27,5,2002,2015,13,117.965000000000000,2.285000000000000
,1,105,106,1.000000000000000,0014b1c5-f349-7594-231c-21dddf7ea251,5,2002,2015,13,117.974999999999990,2.285000000000000
,1,106,107,1.000000000000000,a132e719-bb08-420f-7ebe-dd323c6c56ca,6,2002,2015,13,117.985000000000000,2.285000000000000
,1,107,108,1.000000000000000,728e3b1e-feb9-3e2e-d6d6-829c6ab72e3a,7,2002,2015,13,117.995000000000000,2.285000000000000
,1,108,109,1.000000000000000,5dfde514-c45a-19f7-649e-cf13146ec9f1,6,2002,2015,13,118.005000000000000,2.285000000000000
,1,109,110,1.000000000000000,c811c558-6e3b-bc82-86db-857368c177cd,5,2002,2015,13,118.015000000000000,2.285000000000000
,1,110,111,1.000000000000000,6ae93f8c-e46e-1bfe-b8ac-dd3bd8d51b96,5,2002,2015,13,118.025000000000010,2.285000000000000
,1,111,112,1.000000000000000,925d2246-7568-72d8-28dd-2fd25d3cad48,5,2002,2015,13,117.944999999999990,2.275000000000000
,1,112,113,1.000000000000000,a7173a21-4cb2-bf76-5ab4-4fdf83e4fc02,5,2002,2015,13,117.965000000000000,2.275000000000000
,1,113,114,1.000000000000000,c49328ef-b448-bdc9-8721-23b407ff0a29,5,2002,2015,13,117.974999999999990,2.275000000000000
,1,114,115,1.000000000000000,f26c42b0-1109-b5a1-f9fe-17d66c03d985,6,2002,2015,13,117.985000000000000,2.275000000000000
,1,115,116,1.000000000000000,1563b622-ec38-637c-ea82-90fde183111f,7,2002,2015,13,117.995000000000000,2.275000000000000
,1,116,117,1.000000000000000,ff3c0bc5-e29f-73f0-3fe4-371d4581981c,6,2002,2015,13,118.005000000000000,2.275000000000000
,1,117,118,1.000000000000000,60820aba-1401-c5a2-1b3c-11f3694af86f,5,2002,2015,13,117.944999999999990,2.265000000000000
,1,118,119,1.000000000000000,d49acbe3-417d-4f4e-651a-5dcbef7e3eec,10,2002,2015,13,117.955000000000000,2.265000000000000
,1,119,120,1.000000000000000,827c07d7-2ba4-5750-8f50-0879de2016c6,5,2002,2015,13,117.965000000000000,2.265000000000000
,1,120,121,1.000000000000000,262dedac-9e31-4ff3-600b-4c19f39bcbee,5,2002,2015,13,117.974999999999990,2.265000000000000
,1,121,122,1.000000000000000,210dda87-ba3a-0e4d-ff38-69d0fdd6dcb8,6,2002,2015,13,117.985000000000000,2.265000000000000
,1,122,123,1.000000000000000,821f6c6d-8f34-3811-b526-7f417376595c,7,2002,2015,13,117.995000000000000,2.265000000000000
,1,123,124,1.000000000000000,622050cb-3823-28ee-063e-506666a1d968,6,2002,2015,13,118.005000000000000,2.265000000000000
,1,124,125,1.000000000000000,38c2f1dc-6f75-e396-4bdd-2f0155bfec6c,5,2002,2015,13,118.015000000000000,2.265000000000000
,1,125,126,1.000000000000000,bc217b29-30be-dcb6-d004-4cd89b2256c4,5,2002,2015,13,118.025000000000010,2.265000000000000
,1,126,127,1.000000000000000,938d45c3-6a1c-0842-7acc-9142ed7f6c18,5,2002,2015,13,117.955000000000000,2.255000000000000
,1,127,128,1.000000000000000,b298b345-06c2-d063-2902-ebbf5e04c84c,5,2002,2015,13,117.965000000000000,2.255000000000000
,1,128,129,1.000000000000000,0b440be6-249d-98fd-a9a1-4e76e7ba87d7,5,2002,2015,13,117.974999999999990,2.255000000000000
,1,129,130,1.000000000000000,4e689497-8ef0-0352-b767-916d26758fce,6,2002,2015,13,117.985000000000000,2.255000000000000
,1,130,131,1.000000000000000,4fbb6575-8f37-fccc-fafe-f997bfa29b1b,7,2002,2015,13,117.995000000000000,2.255000000000000
,1,131,132,1.000000000000000,3034de77-33f9-55bd-9069-ba1e76f67d98,6,2002,2015,13,118.005000000000000,2.255000000000000
,1,132,133,1.000000000000000,81303f3e-2041-49d1-ad11-9cfb100b6756,5,2002,2015,13,118.015000000000000,2.255000000000000
,1,133,134,1.000000000000000,6abf7969-017d-8db5-2853-00f06f06f63e,4,2006,2014,8,100.775000000000010,2.235000000000000
,1,134,135,1.000000000000000,d549666b-7aa3-14da-0324-f11b30256ec6,5,2006,2014,8,100.795000000000000,2.235000000000000
,1,135,136,1.000000000000000,176326b3-2d29-4cb4-8879-87b4f1019fbf,5,2006,2014,8,100.785000000000000,2.225000000000000
,1,136,137,1.000000000000000,dbb2570f-d0a1-910d-c94f-7c5cb6c31911,3,2006,2014,8,100.875000000000000,2.225000000000000
,1,137,138,1.000000000000000,42738c18-46fb-9d73-f2ca-f4039fbb46c4,4,2006,2014,8,100.775000000000010,2.215000000000000
,1,138,139,1.000000000000000,c0858f59-3110-0731-c231-a223f0c9f7f6,3,2006,2014,8,100.875000000000000,2.215000000000000
,1,139,140,1.000000000000000,4e9c17a1-e4ea-97d0-1516-5cab2e69a222,5,2006,2014,8,100.785000000000000,2.195000000000000
,1,140,141,1.000000000000000,36878c79-3dc0-1aa8-10e4-8f5f8275f7f2,3,2006,2014,8,100.875000000000000,2.175000000000000
,1,141,142,1.000000000000000,ad6004ce-18ed-4627-b6ed-6942de18caa6,4,2011,2014,3,100.625000000000000,2.125000000000000
,1,142,143,1.000000000000000,92027659-360b-585b-3562-54f3bae2debf,5,2006,2014,8,100.795000000000000,2.125000000000000
,1,143,144,1.000000000000000,c16ffa7f-13ef-a918-63c6-88f5088d5171,3,2006,2014,8,100.855000000000000,2.125000000000000
,1,144,145,1.000000000000000,85056e16-bf41-ec26-f9c1-9eacdd1e388c,3,2006,2014,8,100.875000000000000,2.125000000000000
,1,145,146,1.000000000000000,7b8a0d24-9a28-e067-0c37-f5d3f7bf46b3,4,2011,2014,3,100.525000000000010,2.025000000000000
,1,146,147,1.000000000000000,8f1427a2-72c2-ec6d-b008-4643a6c848a9,3,2011,2014,3,100.724999999999990,2.025000000000000
,1,147,148,1.000000000000000,93f5d2a2-1d66-3df1-d6a3-57280a5729c6,3,2011,2014,3,100.775000000000010,2.025000000000000
,1,148,149,1.000000000000000,7df7734e-b8ad-ccc2-ef35-4f430ee49a85,5,2011,2014,3,100.805000000000010,2.025000000000000
,1,149,150,1.000000000000000,cc8e10e4-90a0-3272-a9e6-49b14667d1d5,3,2011,2014,3,100.425000000000000,2.015000000000000
,1,150,151,1.000000000000000,ae2b2305-a4b1-429a-613e-dc6d21edac2b,4,2011,2014,3,100.525000000000010,2.015000000000000
,1,151,152,1.000000000000000,f93cd672-b965-ce3d-0f00-677d048c092f,5,2011,2014,3,100.805000000000010,2.015000000000000
,1,152,153,1.000000000000000,eacd8fb3-da00-4800-460c-16f42e6fc723,3,2011,2014,3,100.825000000000000,2.015000000000000
,1,153,154,1.000000000000000,593b3e05-bc48-ea6b-32fe-8f00f4ca5927,4,2011,2014,3,100.474999999999990,1.975000000000000
,1,154,155,1.000000000000000,694d6917-04f7-9291-3629-c3beefc78e0f,4,2011,2014,3,100.525000000000010,1.975000000000000
,1,155,156,1.000000000000000,9a800ab8-4ec6-3d54-6da1-b363f25857bd,4,2011,2014,3,100.575000000000000,1.975000000000000
,1,156,157,1.000000000000000,aec1226c-d74e-3b2e-d419-d4541088afd7,3,2011,2014,3,100.625000000000000,1.975000000000000
,1,157,158,1.000000000000000,38d3df27-61ad-543f-08b8-e5199f829abb,3,2011,2014,3,100.775000000000010,1.975000000000000
,1,158,159,1.000000000000000,09c4c6af-87bb-a355-e259-c508a626c437,5,2011,2014,3,100.805000000000010,1.975000000000000
,1,159,160,1.000000000000000,eeb8bd0d-1bff-20cf-e84b-8a2b9fd82f8b,6,2002,2014,12,109.485000000000000,1.975000000000000
,1,160,161,1.000000000000000,bfbf88a2-1462-85c1-9137-917b0c4c5983,8,2002,2014,12,109.495000000000000,1.975000000000000
,1,161,162,1.000000000000000,396070c6-705a-db0c-5ed5-019cf0cf2df4,8,2002,2014,12,109.505000000000000,1.975000000000000
,1,162,163,1.000000000000000,8c831997-77f9-6794-9cf2-f250a0c19158,6,2002,2014,12,109.515000000000000,1.975000000000000
,1,163,164,1.000000000000000,8fa79be8-17b7-ea1f-ca3b-341a56c40887,6,2002,2014,12,109.525000000000010,1.975000000000000
,1,164,165,1.000000000000000,3c8d071f-1b54-fa69-50a0-ef2f11fb760a,21,2002,2014,12,109.535000000000000,1.975000000000000
,1,165,166,1.000000000000000,2b3d12d5-29d6-9547-2614-49f0de2648d7,6,2002,2014,12,109.545000000000000,1.975000000000000
,1,166,167,1.000000000000000,6b9eca30-1f1a-21a2-b3f7-88c2f4667d6b,6,2002,2014,12,109.555000000000010,1.975000000000000
,1,167,168,1.000000000000000,03af00f5-a6fd-9652-8146-c3c6dd3327ee,6,2002,2014,12,109.565000000000000,1.975000000000000
,1,168,169,1.000000000000000,6873ceb7-7fb1-6b7f-204e-e141d1e490d1,8,2002,2014,12,109.575000000000000,1.975000000000000
,1,169,170,1.000000000000000,f446b4cb-6cd8-00db-ce52-7daba10fa76a,7,2005,2014,9,109.584999999999990,1.975000000000000
,1,170,171,1.000000000000000,71e1851d-1258-9885-a421-c66c2cd912a4,6,2009,2015,6,117.805000000000010,1.975000000000000
,1,171,172,1.000000000000000,ea275f8d-b0ee-ffb2-42a4-bc7ed07078f8,7,2002,2014,12,109.455000000000000,1.965000000000000
,1,172,173,1.000000000000000,c5a7c0af-d7ae-ce97-51a7-8e460feaf1c4,6,2002,2014,12,109.465000000000000,1.965000000000000
,1,173,174,1.000000000000000,bca2b886-d22b-5100-357a-380a6464deed,6,2002,2014,12,109.474999999999990,1.965000000000000
,1,174,175,1.000000000000000,02c1c65f-35e3-7809-5a16-98f48701e2c9,6,2002,2014,12,109.485000000000000,1.965000000000000
,1,175,176,1.000000000000000,b50bc656-19ce-17a8-6ca2-362b01303983,8,2002,2014,12,109.495000000000000,1.965000000000000
,1,176,177,1.000000000000000,e1ced2ab-5a73-44be-70ac-11e7ed88deba,8,2002,2014,12,109.505000000000000,1.965000000000000
,1,177,178,1.000000000000000,caaf8849-884d-5fc5-e1f6-c0cabd85c15a,6,2002,2014,12,109.515000000000000,1.965000000000000
,1,178,179,1.000000000000000,e9e248b7-b9a3-879a-5c0e-d2c8ee21306a,6,2002,2014,12,109.525000000000010,1.965000000000000
,1,179,180,1.000000000000000,9e1970be-649c-9092-88b4-021f5ee8f828,7,2002,2014,12,109.535000000000000,1.965000000000000
,1,180,181,1.000000000000000,37669b60-17c4-360a-e323-9458acaa1a6f,6,2002,2014,12,109.545000000000000,1.965000000000000
,1,181,182,1.000000000000000,205b5e2a-f0d1-db9e-ff37-b6440a0ed145,6,2002,2014,12,109.555000000000010,1.965000000000000
,1,182,183,1.000000000000000,cea324a1-543a-abf8-d89b-c0767a40e22b,6,2002,2014,12,109.565000000000000,1.965000000000000
,1,183,184,1.000000000000000,6ad646b5-40bd-54fa-680e-87f794c59bf2,6,2002,2014,12,109.455000000000000,1.955000000000000
,1,184,185,1.000000000000000,70f37c15-7218-7706-1f85-2e4bfa2c586d,7,2002,2014,12,109.495000000000000,1.955000000000000
,1,185,186,1.000000000000000,ba62594c-92c7-71fb-c577-638eef4325f9,7,2002,2014,12,109.505000000000000,1.955000000000000
,1,186,187,1.000000000000000,191c4258-aff1-aff1-bbd5-0c6e401e9a21,6,2002,2014,12,109.535000000000000,1.955000000000000
,1,187,188,1.000000000000000,4499aa87-8da2-7831-d83c-2cc4b95cf03f,6,2002,2014,12,109.545000000000000,1.955000000000000
,1,188,189,1.000000000000000,86ebae83-f394-053f-f9aa-1c40119fe8e3,6,2002,2014,12,109.555000000000010,1.955000000000000
,1,189,190,1.000000000000000,4982a97e-5024-235d-2839-cc65849cdaf3,5,2002,2014,12,109.415000000000010,1.945000000000000
,1,190,191,1.000000000000000,2f1cb78e-0937-8c37-3317-b3708a5f0be5,6,2002,2014,12,109.455000000000000,1.945000000000000
,1,191,192,1.000000000000000,3ecfb29b-66c1-d864-e999-a3737c4bb261,7,2002,2014,12,109.495000000000000,1.945000000000000
,1,192,193,1.000000000000000,55201f7f-4924-a97b-0239-fb70b6d7b2a0,7,2002,2014,12,109.505000000000000,1.945000000000000
,1,193,194,1.000000000000000,8d9a925e-528e-18cd-6f75-3c970ca0233e,6,2002,2014,12,109.535000000000000,1.945000000000000
,1,194,195,1.000000000000000,e45f5240-f853-507a-f0a2-257b21dc357b,6,2002,2014,12,109.545000000000000,1.945000000000000
,1,195,196,1.000000000000000,ea021ab0-8a59-5514-dad6-6dad41cb6067,6,2002,2014,12,109.555000000000010,1.945000000000000
,1,196,197,1.000000000000000,37903f5e-55c7-9aa4-136b-4f9d7ab8d2c5,6,2002,2014,12,109.565000000000000,1.945000000000000
,1,197,198,1.000000000000000,8d325161-ef96-6353-cb43-29e8dd826c07,8,2002,2014,12,109.575000000000000,1.945000000000000
,1,198,199,1.000000000000000,e0092741-d7a7-7aeb-5cfb-2d0f8af84708,6,2002,2014,12,109.455000000000000,1.935000000000000
,1,199,200,1.000000000000000,f39ff32e-7f94-ae46-993d-d4d8fbe886dc,7,2002,2014,12,109.495000000000000,1.935000000000000
,1,200,201,1.000000000000000,3eab293d-9ed4-6679-623a-77f56f571f61,7,2002,2014,12,109.505000000000000,1.935000000000000
,1,201,202,1.000000000000000,f0f343f9-527f-1038-4420-2286ecc04135,6,2002,2014,12,109.535000000000000,1.935000000000000
,1,202,203,1.000000000000000,60f5afa7-0913-7373-7e3f-91ee12a4a1f6,6,2002,2014,12,109.545000000000000,1.935000000000000
,1,203,204,1.000000000000000,43ffa752-201a-4225-6cd0-437fc1100511,6,2002,2014,12,109.555000000000010,1.935000000000000
,1,204,205,1.000000000000000,2f7cae5a-28dc-aec2-0011-fe9764c931e1,6,2002,2014,12,109.565000000000000,1.935000000000000
,1,205,206,1.000000000000000,1d31b603-3bc5-7761-397d-b16151e7db14,6,2002,2014,12,109.455000000000000,1.925000000000000
,1,206,207,1.000000000000000,2c201156-867c-0c6e-c493-0e13838a0032,7,2002,2014,12,109.495000000000000,1.925000000000000
,1,207,208,1.000000000000000,d0ddede8-d2e5-1401-d997-0e666d35298e,7,2002,2014,12,109.505000000000000,1.925000000000000
,1,208,209,1.000000000000000,0996bcb8-da9c-50d3-f143-3a7fc694b700,6,2002,2014,12,109.535000000000000,1.925000000000000
,1,209,210,1.000000000000000,7bbda327-764e-dd28-b181-f6efc690d1b5,6,2002,2014,12,109.545000000000000,1.925000000000000
,1,210,211,1.000000000000000,3f4936fe-a51c-b144-41bf-5b9fc2e3ff37,6,2002,2014,12,109.555000000000010,1.925000000000000
,1,211,212,1.000000000000000,627d6926-1d35-ddb5-b0db-bd26a2f9b036,6,2002,2014,12,109.444999999999990,1.915000000000000
,1,212,213,1.000000000000000,b29182a0-8ca0-1c1f-bc11-2e278b4551a9,6,2002,2014,12,109.455000000000000,1.915000000000000
,1,213,214,1.000000000000000,de7e5fa0-c79d-6ec3-5ae8-6e051309dbcc,7,2002,2014,12,109.495000000000000,1.915000000000000
,1,214,215,1.000000000000000,7a09f15c-5ee1-22ef-ad1e-1d0a357d1294,7,2002,2014,12,109.505000000000000,1.915000000000000
,1,215,216,1.000000000000000,ea5115d3-761f-a6cd-b335-65bc452f2b0c,5,2002,2014,12,109.415000000000010,1.905000000000000
,1,216,217,1.000000000000000,6395f8bd-64be-1052-c86c-9dc057c0b5c0,6,2002,2014,12,109.444999999999990,1.905000000000000
,1,217,218,1.000000000000000,c64e08a9-ed1f-9eaf-18d5-8cb62b305d78,6,2002,2014,12,109.455000000000000,1.905000000000000
,1,218,219,1.000000000000000,9ef7b31e-00d3-13e3-59a9-1a313e436e8b,7,2002,2014,12,109.495000000000000,1.905000000000000
,1,219,220,1.000000000000000,314a5f20-d742-b3d7-ad77-23ce612e11c4,7,2002,2014,12,109.505000000000000,1.905000000000000
,1,220,221,1.000000000000000,e0f15518-df69-cef9-1c91-6e182b8ab1d9,6,2002,2014,12,109.444999999999990,1.895000000000000
,1,221,222,1.000000000000000,0a639be9-fb08-7312-6909-b78f55f2e062,6,2002,2014,12,109.455000000000000,1.895000000000000
,1,222,223,1.000000000000000,c3b32270-34c8-78d1-d665-b87a4bb9eec6,7,2002,2014,12,109.495000000000000,1.895000000000000
,1,223,224,1.000000000000000,940fbd6a-56b6-942f-e404-4963c17b9171,7,2002,2014,12,109.505000000000000,1.895000000000000
,1,224,225,1.000000000000000,05e2478e-0d94-7912-509e-d47b0e9bc9d3,5,2002,2014,12,109.415000000000010,1.885000000000000
,1,225,226,1.000000000000000,eee5e175-011f-4e2d-19ad-059cfa1d31d5,6,2002,2014,12,109.444999999999990,1.885000000000000
,1,226,227,1.000000000000000,8210b444-4f12-9b06-2179-c85f7ae89dae,6,2002,2014,12,109.455000000000000,1.885000000000000
,1,227,228,1.000000000000000,df79c5fc-50d5-3a57-37a3-c8ade6ccc39c,7,2002,2014,12,109.495000000000000,1.885000000000000
,1,228,229,1.000000000000000,03ac25e8-7a84-cd1d-b7b5-0158c4b4e293,7,2002,2014,12,109.505000000000000,1.885000000000000
,1,229,230,1.000000000000000,80286e79-d375-82cc-1d22-a0cad793bbc6,12,2009,2015,6,117.834999999999990,1.885000000000000
,1,230,231,1.000000000000000,3f2dd3de-5fd6-a1ae-e151-61b735ccd952,6,2002,2014,12,109.444999999999990,1.875000000000000
,1,231,232,1.000000000000000,fc2e8cdd-b18f-6665-4712-ea505f16cd93,6,2002,2014,12,109.455000000000000,1.875000000000000
,1,232,233,1.000000000000000,c974e359-f85b-26fd-4e8d-e9f914304fb6,7,2002,2014,12,109.495000000000000,1.875000000000000
,1,233,234,1.000000000000000,a244a4e2-190d-68e1-5ab7-28ab7c1d9eb0,7,2002,2014,12,109.505000000000000,1.875000000000000
,1,234,235,1.000000000000000,49d5604c-f237-86de-c190-511be27a3d83,6,2002,2014,12,109.444999999999990,1.865000000000000
,1,235,236,1.000000000000000,57c67c54-1fb4-33bf-0ccb-3bcbf723e92a,6,2002,2014,12,109.455000000000000,1.865000000000000
,1,236,237,1.000000000000000,e7f43be6-e0a5-b66a-2746-a670854a8f2d,7,2002,2014,12,109.505000000000000,1.865000000000000
,1,237,238,1.000000000000000,f9626d2c-8a29-74af-48ec-d43c2a219846,6,2002,2014,12,109.455000000000000,1.855000000000000
,1,238,239,1.000000000000000,870da7f4-19b2-709f-ecfa-01625ad35e97,7,2002,2014,12,109.505000000000000,1.855000000000000
,1,239,240,1.000000000000000,09bca810-4b68-44a3-ce0e-c00a545bbccd,6,2002,2014,12,109.444999999999990,1.845000000000000
,1,240,241,1.000000000000000,99679ab8-ee09-1678-f466-996bf565db82,6,2002,2014,12,109.455000000000000,1.845000000000000
,1,241,242,1.000000000000000,76bdb41e-5c7a-a7e1-0896-26b0dca39a2b,6,2002,2014,12,109.495000000000000,1.845000000000000
,1,242,243,1.000000000000000,aa3674f5-93cc-0842-342e-1bfa81043c8c,6,2002,2014,12,109.505000000000000,1.845000000000000
,1,243,244,1.000000000000000,7322b57e-b431-9ae4-ca11-b369059531bb,6,2002,2014,12,109.444999999999990,1.835000000000000
,1,244,245,1.000000000000000,ca063d29-2515-e2f9-bd9e-01d4079dabcb,6,2002,2014,12,109.495000000000000,1.835000000000000
,1,245,246,1.000000000000000,47300dd8-d4a4-cf82-6faa-a9f86b65adcc,6,2002,2014,12,109.505000000000000,1.835000000000000
,1,246,247,1.000000000000000,4c620d20-9a54-3529-6c76-a525f7fbbd18,6,2002,2014,12,109.444999999999990,1.825000000000000
,1,247,248,1.000000000000000,cf9d6274-e8ba-242a-785c-9e3c0fe9bba3,6,2002,2014,12,109.455000000000000,1.825000000000000
,1,248,249,1.000000000000000,45851f63-b71f-f363-e15a-5821540fb809,6,2002,2014,12,109.495000000000000,1.825000000000000
,1,249,250,1.000000000000000,55763003-39ad-e73c-04e1-7b4267a32c35,6,2002,2014,12,109.505000000000000,1.825000000000000
,1,250,251,1.000000000000000,fffa52ec-32c0-e420-f138-6d49afe2de69,6,2002,2014,12,109.444999999999990,1.815000000000000
,1,251,252,1.000000000000000,63d303d2-866d-ea3c-6abb-f1f6dc24c247,6,2002,2014,12,109.455000000000000,1.815000000000000
,1,252,253,1.000000000000000,94ff840a-cda1-b65e-0e79-cdd0243ea7d1,6,2002,2014,12,109.495000000000000,1.815000000000000
,1,253,254,1.000000000000000,badb5135-490f-ff4a-bd62-4ce2624b2af4,6,2002,2014,12,109.505000000000000,1.815000000000000
,1,254,255,1.000000000000000,ef0c0bc0-fd7c-ad5b-6c04-c6e5a8fb633f,6,2002,2014,12,109.444999999999990,1.805000000000000
,1,255,256,1.000000000000000,f1b9ee23-c5c1-7530-6597-6a11aca7137b,6,2002,2014,12,109.455000000000000,1.805000000000000
,1,256,257,1.000000000000000,d9c07693-b093-4626-adf2-4422c18af3c0,6,2002,2014,12,109.495000000000000,1.805000000000000
,1,257,258,1.000000000000000,84469dfd-6168-e9b8-296a-1ddd60de3e84,6,2002,2014,12,109.505000000000000,1.805000000000000
,1,258,259,1.000000000000000,9493b57e-0433-5538-0918-ead3ddc19acd,5,2002,2014,12,109.575000000000000,1.805000000000000
,1,259,260,1.000000000000000,dd4b4add-f45f-6d6d-8759-4d048a60de48,6,2002,2014,12,109.444999999999990,1.795000000000000
,1,260,261,1.000000000000000,31192277-8e4e-06aa-7be5-67f2ff19ba64,6,2002,2014,12,109.495000000000000,1.795000000000000
,1,261,262,1.000000000000000,06ea427f-636c-3d97-4a8f-e7897fa808a1,6,2002,2014,12,109.505000000000000,1.795000000000000
,1,262,263,1.000000000000000,5692cfe1-6f91-df9b-4c09-4fffcf9905d7,6,2002,2014,12,109.444999999999990,1.785000000000000
,1,263,264,1.000000000000000,8072fb48-3053-d7fe-d304-4b78be241ff6,6,2002,2014,12,109.455000000000000,1.785000000000000
,1,264,265,1.000000000000000,8bcc6926-fb8a-96a7-d9de-2f161aed036f,6,2002,2014,12,109.495000000000000,1.785000000000000
,1,265,266,1.000000000000000,54b5a626-2db4-c7a9-1cbd-9786e58bf1c0,6,2002,2014,12,109.505000000000000,1.785000000000000
,1,266,267,1.000000000000000,a6ed4a0b-0e0c-12ad-9b07-90ef3f0ba362,2,2005,2014,9,100.825000000000000,1.775000000000000
,1,267,268,1.000000000000000,718066b3-ec06-44ad-6f35-2278310a9fdf,5,2002,2014,12,109.415000000000010,1.775000000000000
,1,268,269,1.000000000000000,de3174ce-a72a-a12a-b5b8-5cdbfb0db933,6,2002,2014,12,109.444999999999990,1.775000000000000
,1,269,270,1.000000000000000,aabf8058-a13b-e959-d5c1-a57bd96e5301,6,2002,2014,12,109.455000000000000,1.775000000000000
,1,270,271,1.000000000000000,eb8a36f2-f34c-8b39-88aa-1d11090498be,6,2002,2014,12,109.505000000000000,1.775000000000000
,1,271,272,1.000000000000000,a81bfa3b-c838-2dfd-2f5d-4597a4cadfa6,6,2002,2014,12,109.495000000000000,1.765000000000000
,1,272,273,1.000000000000000,5242fc71-cf1e-3497-48d6-a292fca495a7,6,2002,2014,12,109.505000000000000,1.765000000000000
,1,273,274,1.000000000000000,10bb81b8-eaaf-b0eb-be8b-277f1d009342,5,2002,2014,12,109.415000000000010,1.755000000000000
,1,274,275,1.000000000000000,3fec2593-a76b-447e-218d-cc213d209200,6,2002,2014,12,109.444999999999990,1.755000000000000
,1,275,276,1.000000000000000,51fa6c56-a095-5b60-d706-8af4bf38aa67,6,2002,2014,12,109.455000000000000,1.755000000000000
,1,276,277,1.000000000000000,693833bf-77db-3c68-66ef-084f51c91fc9,6,2002,2014,12,109.495000000000000,1.755000000000000
,1,277,278,1.000000000000000,2eddee09-e97f-368a-de95-88967f047614,6,2002,2014,12,109.505000000000000,1.755000000000000
,1,278,279,1.000000000000000,62bf6bcd-4f57-5980-7053-125bc8827d76,6,2002,2014,12,109.444999999999990,1.745000000000000
,1,279,280,1.000000000000000,e2b69688-d4cf-7297-d906-634e70b76015,6,2002,2014,12,109.455000000000000,1.745000000000000
,1,280,281,1.000000000000000,56bddab3-3486-dc99-9213-79984f928c5e,6,2002,2014,12,109.495000000000000,1.745000000000000
,1,281,282,1.000000000000000,05d9733f-834f-2814-c482-58d7d0e40051,6,2002,2014,12,109.505000000000000,1.745000000000000
,1,282,283,1.000000000000000,5a302805-8a23-5351-214f-d60d158891a6,6,2002,2014,12,109.415000000000010,1.735000000000000
,1,283,284,1.000000000000000,e6fac43d-8632-1623-05f1-07de3e814730,6,2002,2014,12,109.425000000000000,1.735000000000000
,1,284,285,1.000000000000000,fb324191-1961-967d-787e-8ed5d3dd94bf,6,2002,2014,12,109.435000000000000,1.735000000000000
,1,285,286,1.000000000000000,7244d458-180f-9f73-f7c5-44a76e71122e,7,2002,2014,12,109.444999999999990,1.735000000000000
,1,286,287,1.000000000000000,bb44a753-1c7a-ff5f-0e9c-e29f6770a37c,7,2002,2014,12,109.455000000000000,1.735000000000000
,1,287,288,1.000000000000000,02d0e418-1c98-faa8-d2e5-52f63c6c9431,6,2002,2014,12,109.465000000000000,1.735000000000000
,1,288,289,1.000000000000000,29e24d55-7673-8725-5b83-2c2c1ae2acee,6,2002,2014,12,109.474999999999990,1.735000000000000
,1,289,290,1.000000000000000,d6cf48c6-9a47-0e16-7b00-f93d041fce1d,6,2002,2014,12,109.485000000000000,1.735000000000000
,1,290,291,1.000000000000000,e11eef84-7a2e-97e7-4b3f-6515f5d957fc,7,2002,2014,12,109.495000000000000,1.735000000000000
,1,291,292,1.000000000000000,12e7dc2c-a4f7-09cd-fd24-60e1469aec66,7,2002,2014,12,109.505000000000000,1.735000000000000
,1,292,293,1.000000000000000,2fa7c1f1-c2b6-c1cc-2f09-4c24f9818af9,6,2002,2014,12,109.425000000000000,1.725000000000000
,1,293,294,1.000000000000000,31622af0-ba62-f9e3-869d-1d3f690dad81,6,2002,2014,12,109.435000000000000,1.725000000000000
,1,294,295,1.000000000000000,14b4f8c1-9163-8900-251d-32f20952d699,7,2002,2014,12,109.444999999999990,1.725000000000000
,1,295,296,1.000000000000000,f391ef5d-8b98-69bf-1740-9f439aea79b5,7,2002,2014,12,109.455000000000000,1.725000000000000
,1,296,297,1.000000000000000,5759a857-3d68-4c9b-dc1c-f716d08b496a,6,2002,2014,12,109.465000000000000,1.725000000000000
,1,297,298,1.000000000000000,8b77cbf8-d8b4-8e92-1cc4-d4d9beced62e,6,2002,2014,12,109.474999999999990,1.725000000000000
,1,298,299,1.000000000000000,e75d4c19-69d4-a440-5535-ef1e9e9e282a,6,2002,2014,12,109.485000000000000,1.725000000000000
,1,299,300,1.000000000000000,b8a35295-bdad-311d-ff6d-22c91eeb7f5d,7,2002,2014,12,109.495000000000000,1.725000000000000
,1,300,301,1.000000000000000,c5ee31cf-f33a-0921-6f0e-56fe52213e1e,7,2002,2014,12,109.505000000000000,1.725000000000000
,1,301,302,1.000000000000000,c2fd155e-bb5f-a76d-be0c-c659f37dbab1,7,2010,2014,4,109.325000000000000,1.715000000000000
,1,302,303,1.000000000000000,bf5f946a-0e87-95b7-a76a-059e8a9758a9,6,2002,2014,12,109.415000000000010,1.715000000000000
,1,303,304,1.000000000000000,d7d49717-7b3a-d3b8-491b-76f274b61548,6,2002,2014,12,109.425000000000000,1.715000000000000
,1,304,305,1.000000000000000,6bd501bb-22e8-5af9-9f7d-72dd7b1ca152,6,2002,2014,12,109.435000000000000,1.715000000000000
,1,305,306,1.000000000000000,55f973b3-ceda-1540-4d4e-02ee971a2bbc,7,2002,2014,12,109.444999999999990,1.715000000000000
,1,306,307,1.000000000000000,81427078-0063-dcd5-3b6a-398eb11f5859,7,2002,2014,12,109.455000000000000,1.715000000000000
,1,307,308,1.000000000000000,e409a377-c6d4-e456-f585-b09b77f3fd43,6,2002,2014,12,109.465000000000000,1.715000000000000
,1,308,309,1.000000000000000,30eb676a-f148-98f7-8c21-fea19b248e0d,6,2002,2014,12,109.474999999999990,1.715000000000000
,1,309,310,1.000000000000000,c6551c81-fc06-8289-b5d9-d959ad28c426,6,2002,2014,12,109.485000000000000,1.715000000000000
,1,310,311,1.000000000000000,20d626fe-e610-a92f-4e57-181a9ebba254,7,2002,2014,12,109.495000000000000,1.715000000000000
,1,311,312,1.000000000000000,2f486e39-a2fc-51c4-bfb2-0b3c0de2a949,7,2002,2014,12,109.505000000000000,1.715000000000000
,1,312,313,1.000000000000000,4e68220f-b6c3-10d6-91a2-7aee5642c962,7,2010,2014,4,109.325000000000000,1.705000000000000
,1,313,314,1.000000000000000,83297a19-b873-cba4-2f88-2f7e2796c883,5,2009,2014,5,109.474999999999990,1.705000000000000
,1,314,315,1.000000000000000,0fab11d7-7367-81de-681a-94d73c5d066e,5,2009,2014,5,109.474999999999990,1.695000000000000
,1,315,316,1.000000000000000,cb091ae7-865e-b5aa-34ca-fb74d5398d0c,7,2010,2014,4,109.325000000000000,1.685000000000000
,1,316,317,1.000000000000000,55a8e474-ce40-fd48-1d0f-30459ad38728,5,2009,2014,5,109.474999999999990,1.685000000000000
,1,317,318,1.000000000000000,8c186849-04d3-350d-af5d-6f9188021703,5,2009,2014,5,109.485000000000000,1.685000000000000
,1,318,319,1.000000000000000,56c784f2-14ea-6c9d-b642-f61273f0ef89,7,2010,2014,4,109.315000000000000,1.675000000000000
,1,319,320,1.000000000000000,cb5d5f27-0fc7-35c9-616e-462e60445ab9,7,2010,2014,4,109.325000000000000,1.675000000000000
,1,320,321,1.000000000000000,08482534-2bc7-bc4b-96e6-cf2f71f9f18e,5,2009,2014,5,109.435000000000000,1.675000000000000
,1,321,322,1.000000000000000,015b2fe3-e9a7-1c12-2eaa-65d73ca21384,6,2009,2014,5,109.444999999999990,1.675000000000000
,1,322,323,1.000000000000000,8bfd0f85-e821-9358-af75-d765743053f5,6,2009,2014,5,109.455000000000000,1.675000000000000
,1,323,324,1.000000000000000,0f594174-e8df-ab8d-3535-68d7baf7719b,5,2009,2014,5,109.465000000000000,1.675000000000000
,1,324,325,1.000000000000000,80b1d6b4-64bc-71e5-15c8-193b4340137c,5,2009,2014,5,109.474999999999990,1.675000000000000
,1,325,326,1.000000000000000,8761f690-6352-b8c2-8d01-5f6b370fc6e4,5,2009,2014,5,109.485000000000000,1.675000000000000
,1,326,327,1.000000000000000,f71e9ba9-3f7a-f557-2b7f-85ae5f1eaad5,6,2009,2014,5,109.495000000000000,1.675000000000000
,1,327,328,1.000000000000000,d3ab7358-0adb-64e4-95ea-75225a3b3779,6,2009,2014,5,109.505000000000000,1.675000000000000
,1,328,329,1.000000000000000,63aad493-d30d-e05e-15bc-638d78940a8c,7,2010,2014,4,109.325000000000000,1.665000000000000
,1,329,330,1.000000000000000,af31f019-fc30-b750-1114-54f7b71d7d37,5,2009,2014,5,109.425000000000000,1.665000000000000
,1,330,331,1.000000000000000,855d7883-0396-91b7-b313-7676b77e1d61,5,2009,2014,5,109.474999999999990,1.665000000000000
,1,331,332,1.000000000000000,8a78d8e6-898e-bc60-d154-a1ebc22326cf,5,2009,2014,5,109.474999999999990,1.655000000000000
,1,332,333,1.000000000000000,ee7faded-8206-f66b-ccf6-df9e41d6228b,5,2009,2014,5,109.474999999999990,1.645000000000000
,1,333,334,1.000000000000000,4cdf026f-d2eb-1ca5-db22-7007f3638e0e,5,2009,2014,5,109.425000000000000,1.635000000000000
,1,334,335,1.000000000000000,b03b7e42-9d2f-995c-8c6d-0e036894bcdc,5,2009,2014,5,109.474999999999990,1.635000000000000
,1,335,336,1.000000000000000,f96f028c-0ca0-1578-e638-fa57ff8af172,5,2009,2014,5,109.405000000000000,1.625000000000000
,1,336,337,1.000000000000000,06f05de2-1ce5-af18-0b93-3c9c5b4cc4a7,5,2009,2014,5,109.415000000000010,1.625000000000000
,1,337,338,1.000000000000000,7b2b4e22-608b-1331-588c-4174bea420a8,5,2009,2014,5,109.425000000000000,1.625000000000000
,1,338,339,1.000000000000000,d4c15711-11d2-8bba-725e-120bf939d800,5,2009,2014,5,109.435000000000000,1.625000000000000
,1,339,340,1.000000000000000,e81e6fbe-3e7a-b40f-3746-2a9f9babd94e,6,2009,2014,5,109.444999999999990,1.625000000000000
,1,340,341,1.000000000000000,7b3a74bb-97ee-e5c6-cf20-00eafac02b74,5,2009,2014,5,109.465000000000000,1.625000000000000
,1,341,342,1.000000000000000,a553e5d9-e40c-63db-702f-25e2ba4d08c8,5,2009,2014,5,109.474999999999990,1.625000000000000
,1,342,343,1.000000000000000,ed81a242-122b-df26-8561-005cf47fd798,5,2009,2014,5,109.485000000000000,1.625000000000000
,1,343,344,1.000000000000000,9d8a446a-c96c-db9a-de89-d3159b642e2e,6,2009,2014,5,109.495000000000000,1.625000000000000
,1,344,345,1.000000000000000,87fd53cd-926a-4219-777f-63606c636e1d,6,2009,2014,5,109.505000000000000,1.625000000000000
,1,345,346,1.000000000000000,ecad81da-a243-0f7c-1c6c-9f65e8c37099,5,2009,2014,5,109.425000000000000,1.615000000000000
,1,346,347,1.000000000000000,802e677d-26eb-b989-88ca-3078ac48633b,6,2009,2014,5,109.455000000000000,1.615000000000000
,1,347,348,1.000000000000000,0e3a4a0e-351f-4d43-0e36-44b76f5955de,5,2009,2014,5,109.465000000000000,1.615000000000000
,1,348,349,1.000000000000000,5030d060-33a9-bdc4-6489-40b88e7a9fcf,5,2009,2014,5,109.474999999999990,1.615000000000000
,1,349,350,1.000000000000000,76ebc881-d8dc-e030-82f1-873b0ee21eab,4,2009,2015,6,118.075000000000000,1.615000000000000
,1,350,351,1.000000000000000,cd83f76f-22ec-80fa-c97d-d4e88e2d48aa,5,2009,2014,5,109.474999999999990,1.605000000000000
,1,351,352,1.000000000000000,120e7784-fb64-4aba-111f-9f36e463d254,7,2009,2015,6,118.125000000000000,1.605000000000000
,1,352,353,1.000000000000000,778939c6-bb36-0d78-5b41-fbe05d818a7c,6,2009,2014,5,109.474999999999990,1.595000000000000
,1,353,354,1.000000000000000,2a11af10-d238-b329-f963-8e54cf77d57c,6,2009,2014,5,109.465000000000000,1.585000000000000
,1,354,355,1.000000000000000,a203082f-7870-64c7-538b-526ac2ba6fea,6,2009,2014,5,109.474999999999990,1.585000000000000
,1,355,356,1.000000000000000,0782a4ec-da12-a8a8-56a3-b68bb830727d,7,2009,2014,5,109.495000000000000,1.585000000000000
,1,356,357,1.000000000000000,8e8492d6-8f5d-c194-6006-4097e9cfe71c,7,2009,2014,5,109.505000000000000,1.585000000000000
,1,357,358,1.000000000000000,2ab25195-24d8-77c9-771d-5b8a25e17a95,7,2010,2014,4,109.315000000000000,1.575000000000000
,1,358,359,1.000000000000000,876f1888-dd71-5b27-105a-8d2d66fcb3e7,5,2009,2014,5,109.405000000000000,1.575000000000000
,1,359,360,1.000000000000000,997fcd67-0cec-3e99-8ed9-94ebd117c347,6,2009,2014,5,109.455000000000000,1.575000000000000
,1,360,361,1.000000000000000,2cd64ef9-5f18-0f12-7763-37c123479a56,6,2009,2014,5,109.465000000000000,1.575000000000000
,1,361,362,1.000000000000000,6cd87365-03e6-2271-58b9-68ecb076a917,6,2009,2014,5,109.474999999999990,1.575000000000000
,1,362,363,1.000000000000000,375e21d0-7ccc-7448-2e29-79a0dc8c0992,6,2009,2014,5,109.485000000000000,1.575000000000000
,1,363,364,1.000000000000000,b132c597-7649-3d2a-8f01-1c67ecf1561c,7,2009,2014,5,109.495000000000000,1.575000000000000
,1,364,365,1.000000000000000,0371d632-5d75-f29c-f114-d87fed197330,7,2009,2014,5,109.505000000000000,1.575000000000000
,1,365,366,1.000000000000000,53d6fd57-7e06-0ffd-26a0-b78bc8d2501a,4,2009,2014,5,109.525000000000010,1.575000000000000
,1,366,367,1.000000000000000,477830d5-3f16-8ff5-1e7e-e2e3190de7cd,6,2009,2014,5,109.465000000000000,1.565000000000000
,1,367,368,1.000000000000000,3762aa6f-b759-3dfc-9eba-01b3fba6438c,6,2009,2014,5,109.474999999999990,1.565000000000000
,1,368,369,1.000000000000000,f8358c3e-c1d4-5aea-0baf-83092478205d,7,2009,2014,5,109.495000000000000,1.565000000000000
,1,369,370,1.000000000000000,072eb1c8-ba8c-9b0e-130c-ae12e5cecb0f,6,2009,2014,5,109.465000000000000,1.555000000000000
,1,370,371,1.000000000000000,63a10e8c-8221-b47e-bbb1-be5624e78d39,6,2009,2014,5,109.474999999999990,1.555000000000000
,1,371,372,1.000000000000000,c9fd2f3f-e735-330b-8c15-81ba64c463a5,7,2009,2014,5,109.495000000000000,1.555000000000000
,1,372,373,1.000000000000000,2655eb9f-bf76-d9e8-8cce-0bfdde53ea14,5,2009,2014,5,109.474999999999990,1.545000000000000
,1,373,374,1.000000000000000,7a02968b-d405-9131-6f79-6fa26afff0b7,5,2005,2014,9,109.724999999999990,1.545000000000000
,1,374,375,1.000000000000000,eee1614c-de19-3c99-393f-8db841f52351,5,2009,2014,5,109.474999999999990,1.535000000000000
,1,375,376,1.000000000000000,5e06ee7c-0b33-e5e2-1324-20f5b7cb55eb,5,2005,2014,9,109.724999999999990,1.535000000000000
,1,376,377,1.000000000000000,aeb9b1b0-fc20-c408-386c-d45704fb8bae,4,2009,2014,5,109.425000000000000,1.525000000000000
,1,377,378,1.000000000000000,144a9da2-8044-b78f-1f90-d40db02e4941,5,2009,2014,5,109.444999999999990,1.525000000000000
,1,378,379,1.000000000000000,9694db0c-1d30-a235-8a43-9b901ad5711e,5,2009,2014,5,109.455000000000000,1.525000000000000
,1,379,380,1.000000000000000,94003363-c32a-e108-de8c-fc42021a4b5a,5,2009,2014,5,109.465000000000000,1.525000000000000
,1,380,381,1.000000000000000,23d59876-2d07-ba5a-5326-2f167f40781b,5,2009,2014,5,109.474999999999990,1.525000000000000
,1,381,382,1.000000000000000,3dee71ea-3d53-92ca-c77a-6d07d4587642,5,2009,2014,5,109.485000000000000,1.525000000000000
,1,382,383,1.000000000000000,f8776396-f836-238a-182a-9e5dd9711bab,6,2009,2014,5,109.495000000000000,1.525000000000000
,1,383,384,1.000000000000000,216c34a2-4486-46f6-8efc-a12ea1d04512,6,2009,2014,5,109.505000000000000,1.525000000000000
,1,384,385,1.000000000000000,7dddc2d8-0b0c-31a7-637a-5930aa1c83a3,4,2009,2014,5,109.525000000000010,1.525000000000000
,1,385,386,1.000000000000000,d943150d-903c-d013-0240-f5ddd1e7de19,4,2005,2014,9,109.575000000000000,1.525000000000000
,1,386,387,1.000000000000000,08152a87-e372-64c4-a81f-83c1265dced0,4,2005,2014,9,109.584999999999990,1.525000000000000
,1,387,388,1.000000000000000,256ddf6a-5a12-ffc3-aa9d-db4d9550f79f,4,2005,2014,9,109.675000000000000,1.525000000000000
,1,388,389,1.000000000000000,29676fb5-3305-dcf0-7199-4120b21064eb,5,2005,2014,9,109.705000000000000,1.525000000000000
,1,389,390,1.000000000000000,3fdf7a38-0a6a-26b2-2718-11397ca46832,5,2005,2014,9,109.715000000000000,1.525000000000000
,1,390,391,1.000000000000000,1cf2035b-914a-878c-ddcb-e9440b3a445d,5,2005,2014,9,109.724999999999990,1.525000000000000
,1,391,392,1.000000000000000,17700d18-017b-ba8e-2ff5-769fdd90c182,5,2009,2015,6,118.075000000000000,1.525000000000000
,1,392,393,1.000000000000000,d8be5f9f-800b-d6ab-1087-f4874c325ee7,7,2009,2015,6,118.125000000000000,1.525000000000000
,1,393,394,1.000000000000000,b120d595-e8d5-d5fe-4501-924fe5b6b574,5,2009,2014,5,109.474999999999990,1.515000000000000
,1,394,395,1.000000000000000,62894a5e-d210-a762-a200-47c04243b831,5,2009,2014,5,109.555000000000010,1.515000000000000
,1,395,396,1.000000000000000,fd236a69-2499-b694-214f-1935ecf6e8f4,5,2005,2014,9,109.575000000000000,1.515000000000000
,1,396,397,1.000000000000000,87285e93-56e2-37a9-562d-d0a50898f171,6,2005,2014,9,109.705000000000000,1.515000000000000
,1,397,398,1.000000000000000,909fe549-ae2d-38b3-0194-4180dff02046,6,2005,2014,9,109.715000000000000,1.515000000000000
,1,398,399,1.000000000000000,09922c73-2108-3028-341e-0eeb82b9e7aa,6,2005,2014,9,109.724999999999990,1.515000000000000
,1,399,400,1.000000000000000,b286ea74-ddb4-c24d-1356-420b43c2c58b,5,2009,2014,5,109.474999999999990,1.505000000000000
,1,400,401,1.000000000000000,713cc646-5aa5-cf0b-f788-de17a7eed784,5,2005,2014,9,109.575000000000000,1.505000000000000
,1,401,402,1.000000000000000,8844d765-2289-35a4-c18c-c1fb9d51fb30,5,2005,2014,9,109.694999999999990,1.505000000000000
,1,402,403,1.000000000000000,7938aac4-dfb1-49c0-24c2-ee834eca4ca8,6,2005,2014,9,109.705000000000000,1.505000000000000
,1,403,404,1.000000000000000,e4af5c45-0a04-f26d-c915-d35ecb549757,6,2005,2014,9,109.715000000000000,1.505000000000000
,1,404,405,1.000000000000000,401cbfdf-457b-64e9-12bb-a15def17c3f3,6,2005,2014,9,109.724999999999990,1.505000000000000
,1,405,406,1.000000000000000,cc7ddb00-55c4-7c52-1c32-6b68462b11ea,5,2005,2014,9,109.675000000000000,1.495000000000000
,1,406,407,1.000000000000000,1169f0b5-fb86-b699-679d-b406fa7e347a,6,2005,2014,9,109.705000000000000,1.495000000000000
,1,407,408,1.000000000000000,96e5b1aa-55c5-42a9-8c45-df63b94baf3a,6,2005,2014,9,109.715000000000000,1.495000000000000
,1,408,409,1.000000000000000,e2513099-819f-81ed-cf01-076fa0477c16,6,2005,2014,9,109.724999999999990,1.495000000000000
,1,409,410,1.000000000000000,90fd8d35-f703-01c5-a10a-b3551d270b0a,5,2005,2014,9,109.705000000000000,1.485000000000000
,1,410,411,1.000000000000000,1c45c680-0474-637e-2d85-74625bf687ca,5,2005,2014,9,109.715000000000000,1.485000000000000
,1,411,412,1.000000000000000,811e04a4-3214-6960-5332-acf1e750c7c0,5,2005,2014,9,109.724999999999990,1.485000000000000
,1,412,413,1.000000000000000,1ba215ab-d71c-4f88-a091-4638349f6281,3,2009,2014,5,109.125000000000000,1.475000000000000
,1,413,414,1.000000000000000,2fa4e509-1171-ec1a-7015-7ecced142b9e,4,2011,2014,3,109.175000000000000,1.475000000000000
,1,414,415,1.000000000000000,d19ad839-c334-48de-7ed7-abf8080ba1ab,4,2009,2014,5,109.474999999999990,1.475000000000000
,1,415,416,1.000000000000000,62c885c2-4cbe-f3fe-c2cd-a4791a35db86,3,2009,2014,5,109.525000000000010,1.475000000000000
,1,416,417,1.000000000000000,5ca4d878-6954-46e1-d7d7-7b5981066d8f,3,2005,2014,9,109.625000000000000,1.475000000000000
,1,417,418,1.000000000000000,12c86d45-4d8a-f7cc-6d6e-6549728f1bcd,4,2005,2014,9,109.645000000000000,1.475000000000000
,1,418,419,1.000000000000000,d14c6355-3277-5cc1-fbae-097904dc64c6,4,2005,2014,9,109.655000000000000,1.475000000000000
,1,419,420,1.000000000000000,5d40e082-5fee-15d4-7b49-bd8b040bafba,4,2005,2014,9,109.665000000000010,1.475000000000000
,1,420,421,1.000000000000000,672029af-db31-40f5-4a8c-1216cd8cecb3,4,2005,2014,9,109.685000000000000,1.475000000000000
,1,421,422,1.000000000000000,1ab0a6a0-d21f-bd27-f5fb-07dfe7536247,4,2005,2014,9,109.694999999999990,1.475000000000000
,1,422,423,1.000000000000000,a3a12a0e-33a2-f7b4-5c80-82f972161e58,5,2005,2014,9,109.705000000000000,1.475000000000000
,1,423,424,1.000000000000000,5e2ac13c-89f5-5178-4969-05b6f9148329,5,2005,2014,9,109.715000000000000,1.475000000000000
,1,424,425,1.000000000000000,63c87555-c105-e7ed-0665-7327a5ca2aef,5,2005,2014,9,109.724999999999990,1.475000000000000
,1,425,426,1.000000000000000,ffd03ee7-1706-2787-2a80-048ef274648e,4,2005,2014,9,109.735000000000000,1.475000000000000
,1,426,427,1.000000000000000,bae57d8a-6f17-1bb5-4dc0-699538665e4f,3,2008,2014,6,109.775000000000010,1.475000000000000
,1,427,428,1.000000000000000,b3bf5462-c67d-c295-1670-870bca011c2b,5,2005,2014,9,109.705000000000000,1.465000000000000
,1,428,429,1.000000000000000,addb07bd-add6-c1cc-5c06-888fe46972d0,5,2005,2014,9,109.715000000000000,1.465000000000000
,1,429,430,1.000000000000000,c8f1a32d-e3f7-cd15-88ba-a3939de16c6d,5,2005,2014,9,109.724999999999990,1.465000000000000
,1,430,431,1.000000000000000,e3dfdd67-5101-2730-ffe7-8b8fef20bc8d,5,2005,2014,9,109.705000000000000,1.455000000000000
,1,431,432,1.000000000000000,d5576408-ed5b-b127-202e-7eea1e6481f8,5,2005,2014,9,109.715000000000000,1.455000000000000
,1,432,433,1.000000000000000,3b8854fe-2696-5122-cf01-05a724c36bf7,5,2005,2014,9,109.724999999999990,1.455000000000000
,1,433,434,1.000000000000000,16336258-0130-53a3-d6e6-62c08516f407,5,2005,2014,9,109.705000000000000,1.445000000000000
,1,434,435,1.000000000000000,dae0e399-6494-1e96-9462-7808793df9a8,5,2005,2014,9,109.715000000000000,1.445000000000000
,1,435,436,1.000000000000000,ab8c5fbc-8394-386b-30ab-55b7df00747a,5,2005,2014,9,109.724999999999990,1.445000000000000
,1,436,437,1.000000000000000,2107067d-4384-605e-73fb-3bb5b5bfa302,5,2005,2014,9,109.705000000000000,1.435000000000000
,1,437,438,1.000000000000000,99fb87e9-a157-079b-0bad-8d86957a38b0,5,2005,2014,9,109.715000000000000,1.435000000000000
,1,438,439,1.000000000000000,b83d422d-4d21-008a-3684-1d06c69ffd7e,5,2005,2014,9,109.724999999999990,1.435000000000000
,1,439,440,1.000000000000000,3810fe43-59b2-f78f-0d88-277dbbddd57f,3,2009,2014,5,109.125000000000000,1.425000000000000
,1,440,441,1.000000000000000,fbf3a4f3-f28d-5ee2-38e3-f0ba52a728bc,4,2005,2014,9,109.655000000000000,1.425000000000000
,1,441,442,1.000000000000000,e270f62d-761a-7e4a-2765-d7ac67097547,4,2005,2014,9,109.665000000000010,1.425000000000000
,1,442,443,1.000000000000000,f281e9ef-8d34-f5dc-0985-e6aa1d8c8f18,4,2005,2014,9,109.675000000000000,1.425000000000000
,1,443,444,1.000000000000000,9a16f3bf-77b9-c801-2a43-31d24abea1f9,4,2005,2014,9,109.685000000000000,1.425000000000000
,1,444,445,1.000000000000000,25705e37-bb4d-0f63-8f8e-bedf700a8092,4,2005,2014,9,109.694999999999990,1.425000000000000
,1,445,446,1.000000000000000,755773b6-1bbd-efc1-9a8b-8f39a431995b,5,2005,2014,9,109.705000000000000,1.425000000000000
,1,446,447,1.000000000000000,0f18a3ed-9f23-363d-22ad-b54d5ac95244,5,2005,2014,9,109.715000000000000,1.425000000000000
,1,447,448,1.000000000000000,347eb337-fb51-fb3f-9292-8b90607ded6c,5,2005,2014,9,109.724999999999990,1.425000000000000
,1,448,449,1.000000000000000,628272b3-a7ca-5ae9-a833-6ab8839ce5f8,4,2005,2014,9,109.735000000000000,1.425000000000000
,1,449,450,1.000000000000000,c23dd80c-2fb4-4494-91d5-8265591f1012,3,2008,2014,6,109.775000000000010,1.425000000000000
,1,450,451,1.000000000000000,5a9ec935-96bc-f52c-ceac-15c53058a502,3,2005,2014,9,100.825000000000000,1.415000000000000
,1,451,452,1.000000000000000,6b976e1c-0653-cf14-31aa-94ad8cf24327,3,2009,2014,5,109.125000000000000,1.415000000000000
,1,452,453,1.000000000000000,6334b47a-db81-c106-c69f-80de4f38641b,4,2005,2014,9,109.675000000000000,1.415000000000000
,1,453,454,1.000000000000000,037ea626-3de2-7a1b-655f-395b89aad004,5,2005,2014,9,109.705000000000000,1.415000000000000
,1,454,455,1.000000000000000,dd839148-11bc-6d5a-5cd9-579311a4a3b9,5,2005,2014,9,109.715000000000000,1.415000000000000
,1,455,456,1.000000000000000,bb12b297-65dc-989e-d7b3-74a76262a578,5,2005,2014,9,109.724999999999990,1.415000000000000
,1,456,457,1.000000000000000,121b9683-efa0-8031-81d2-b6042746f830,3,2008,2014,6,109.775000000000010,1.415000000000000
,1,457,458,1.000000000000000,7d62d066-554c-fdd9-3782-497f23671c8e,4,2008,2014,6,109.724999999999990,1.405000000000000
,1,458,459,1.000000000000000,54ab0f49-d227-e096-60b0-8b7ca901f48c,4,2008,2014,6,109.724999999999990,1.395000000000000
,1,459,460,1.000000000000000,57568383-f71d-4247-6500-2619ad6c8808,4,2008,2014,6,109.724999999999990,1.385000000000000
,1,460,461,1.000000000000000,16823b86-03aa-f631-6b51-d26f849366d3,5,2011,2014,3,109.175000000000000,1.375000000000000
,1,461,462,1.000000000000000,635a2d4d-1547-5a9b-1880-17d33b758583,4,2008,2014,6,109.645000000000000,1.375000000000000
,1,462,463,1.000000000000000,0784ab46-6aa2-165a-1b0c-c0eb7231330e,4,2008,2014,6,109.655000000000000,1.375000000000000
,1,463,464,1.000000000000000,672307a3-38ca-1b8e-36eb-9f9769e9d7ba,4,2008,2014,6,109.665000000000010,1.375000000000000
,1,464,465,1.000000000000000,7f520e97-4da8-878d-d464-58d935630567,4,2008,2014,6,109.675000000000000,1.375000000000000
,1,465,466,1.000000000000000,4a153af5-6049-7b30-d334-e1f869e8432c,4,2008,2014,6,109.685000000000000,1.375000000000000
,1,466,467,1.000000000000000,5c498201-36e4-7cc2-7073-639603ff14f1,4,2008,2014,6,109.694999999999990,1.375000000000000
,1,467,468,1.000000000000000,c28a7787-54dc-7f12-8fef-d578f70f0111,5,2008,2014,6,109.705000000000000,1.375000000000000
,1,468,469,1.000000000000000,6f562203-6d2c-193d-9c29-0dce0c7a8d7e,5,2008,2014,6,109.724999999999990,1.375000000000000
,1,469,470,1.000000000000000,fa292f9e-397f-c350-d303-a30432a7a3f3,4,2008,2014,6,109.735000000000000,1.375000000000000
,1,470,471,1.000000000000000,ab24de6e-cc49-4c45-0f69-e80a77e86d76,4,2008,2014,6,109.745000000000000,1.375000000000000
,1,471,472,1.000000000000000,59a3b41c-de27-eda1-e2a6-e4e45660e3a2,4,2008,2014,6,109.755000000000000,1.375000000000000
,1,472,473,1.000000000000000,e6eab270-b492-f4da-ca06-522adeb05311,4,2008,2014,6,109.775000000000010,1.375000000000000
,1,473,474,1.000000000000000,59946de0-13e9-1cb0-d9c0-5e32485fee35,4,2008,2014,6,109.785000000000000,1.375000000000000
,1,474,475,1.000000000000000,ae754349-6e4f-18fb-db03-7ef52ca312a7,5,2008,2014,6,109.724999999999990,1.365000000000000
,1,475,476,1.000000000000000,b73431d2-af8c-483f-59a7-1ee69f0411cb,4,2008,2014,6,109.724999999999990,1.355000000000000
,1,476,477,1.000000000000000,73f5f3a9-6dbf-351e-cfd6-e8c93cbe4ffb,4,2008,2014,6,109.724999999999990,1.345000000000000
,1,477,478,1.000000000000000,351c06c8-2102-e597-aaa6-9a059cd13bfb,4,2008,2014,6,109.724999999999990,1.335000000000000
,1,478,479,1.000000000000000,cfe44268-1222-7325-8a6f-7cbf54f86c24,3,2008,2014,6,109.775000000000010,1.335000000000000
,1,479,480,1.000000000000000,e0150e72-d4ba-cf3a-0e4c-97341cf7e5a3,3,2008,2014,6,109.675000000000000,1.325000000000000
,1,480,481,1.000000000000000,45c660a9-e0b0-5a2e-c977-e5e65459adea,4,2008,2014,6,109.705000000000000,1.325000000000000
,1,481,482,1.000000000000000,ec54a074-1521-7de4-9d85-27a6eab4bc19,4,2008,2014,6,109.715000000000000,1.325000000000000
,1,482,483,1.000000000000000,bac0ba8a-655d-f84d-3c58-04ce86702d84,4,2008,2014,6,109.724999999999990,1.325000000000000
,1,483,484,1.000000000000000,4783cb52-86ff-c0ce-c470-6cbaf9a21d99,4,2008,2014,6,109.724999999999990,1.315000000000000
,1,484,485,1.000000000000000,6db18573-ef0a-0d45-bc9d-0ee22907899f,4,2008,2014,6,109.724999999999990,1.305000000000000
,1,485,486,1.000000000000000,10d0a3dd-66f4-5f32-675d-a3b82a551896,4,2008,2014,6,109.724999999999990,1.295000000000000
,1,486,487,1.000000000000000,f1e9aefc-1b4d-6100-1ed3-ff635a70e75a,4,2008,2014,6,109.724999999999990,1.285000000000000
,1,487,488,1.000000000000000,24bf6bbc-9003-cef1-0e26-1bfca9610264,3,2008,2014,6,109.675000000000000,1.275000000000000
,1,488,489,1.000000000000000,9d4711d6-28c8-dcc1-e22a-a256ef3c0e35,4,2008,2014,6,109.705000000000000,1.275000000000000
,1,489,490,1.000000000000000,856858d5-3c86-c951-8c30-67ca1e4a5152,4,2008,2014,6,109.715000000000000,1.275000000000000
,1,490,491,1.000000000000000,36d66ab8-ec96-1e31-4799-c8b12907af54,4,2008,2014,6,109.724999999999990,1.275000000000000
,1,491,492,1.000000000000000,0cf5f5fa-521a-e3c1-0404-3e8c724ddcfc,4,2008,2014,6,109.724999999999990,1.265000000000000
,1,492,493,1.000000000000000,2ee450fb-b97a-ca44-4010-4b7fa4658601,3,2011,2013,2,112.025000000000010,1.025000000000000
,1,493,494,1.000000000000000,ea7c3b53-0860-9ed4-ee08-4b8bc0487714,8,2009,2015,6,110.265000000000000,1.015000000000000
,1,494,495,1.000000000000000,ff198277-0de3-8b5d-b14d-a2a5b77c051d,8,2009,2015,6,110.175000000000000,1.005000000000000
,1,495,496,1.000000000000000,43de7471-d356-72f5-6a4b-065f8829198c,8,2009,2015,6,110.165000000000010,0.985000000000000
,1,496,497,1.000000000000000,440aaf02-f9c7-67d6-f154-d200017875a9,8,2009,2015,6,110.245000000000000,0.985000000000000
,1,497,498,1.000000000000000,3a0d9e28-ce2d-f989-f9cf-28a4b51d158e,7,2009,2015,6,110.295000000000000,0.985000000000000
,1,498,499,1.000000000000000,b29ac486-999f-3e69-2da9-48f1dcf6f108,8,2009,2015,6,110.305000000000010,0.985000000000000
,1,499,500,1.000000000000000,a852e406-2621-5c06-5510-7cefe4ac33ee,7,2009,2014,5,109.095000000000000,0.975000000000000
,1,500,501,1.000000000000000,2374c3af-2477-83b3-b732-872137cdcc61,3,2011,2013,2,112.025000000000010,0.975000000000000
,1,501,502,1.000000000000000,7b7e6f12-57b4-aa90-e42f-e06413ed3d00,8,2009,2015,6,110.224999999999990,0.965000000000000
,1,502,503,1.000000000000000,95dd5ea7-b05c-42d7-7727-af24205bd4a2,8,2009,2014,5,109.075000000000000,0.955000000000000
,1,503,504,1.000000000000000,56449a20-567b-0725-3d13-174a37fb34c6,8,2009,2015,6,110.125000000000000,0.955000000000000
,1,504,505,1.000000000000000,b55da300-cbb9-59b9-a096-d586d87b5817,7,2009,2015,6,110.135000000000010,0.955000000000000
,1,505,506,1.000000000000000,0e40dab0-94d0-310c-4541-536f3aa52be8,7,2009,2015,6,110.224999999999990,0.955000000000000
,1,506,507,1.000000000000000,fb8839a4-9df0-09e6-9aec-b81c295562a0,8,2009,2014,5,109.075000000000000,0.945000000000000
,1,507,508,1.000000000000000,01a86e51-a493-dc38-70d6-df42d1dbd3cb,6,2009,2015,6,110.224999999999990,0.935000000000000
,1,508,509,1.000000000000000,09ef213d-af70-4a4b-01f4-23c9299f5a62,6,2009,2015,6,110.215000000000000,0.925000000000000
,1,509,510,1.000000000000000,8d7a5cf8-94b2-565c-d871-977d4f1dfb48,6,2009,2015,6,110.224999999999990,0.925000000000000
,1,510,511,1.000000000000000,8348ce57-51b0-a3d9-2f3f-1a1dda3dde25,8,2010,2015,5,118.505000000000000,0.925000000000000
,1,511,512,1.000000000000000,d36088c5-7262-40f3-a60b-e46fff30fd9a,6,2009,2015,6,110.224999999999990,0.915000000000000
,1,512,513,1.000000000000000,734f6df8-0bc4-5787-15e3-9e6335be66ab,6,2009,2015,6,110.275000000000010,0.885000000000000
,1,513,514,1.000000000000000,eaf6e47b-5481-e913-5379-86a4ce170c35,5,2009,2015,6,110.305000000000010,0.875000000000000
,1,514,515,1.000000000000000,003abf01-7e16-987a-9a95-c4fd3becc2cf,5,2009,2015,6,110.315000000000000,0.875000000000000
,1,515,516,1.000000000000000,6dc44610-8d2b-f06e-1625-4ccb42d6c064,5,2009,2015,6,110.325000000000000,0.865000000000000
,1,516,517,1.000000000000000,c21bb453-ff72-e556-bb78-ffaa9bf2b1d5,3,2008,2012,4,109.675000000000000,0.825000000000000
,1,517,518,1.000000000000000,0fdbe8f1-3fae-652b-c815-c18c5c1b5be7,5,2009,2015,6,110.245000000000000,0.815000000000000
,1,518,519,1.000000000000000,fe9537e0-95b2-c491-88f4-730140a88831,5,2009,2015,6,110.255000000000000,0.815000000000000
,1,519,520,1.000000000000000,bbc18f3c-ebf6-024d-ff59-d18c21a42bc5,6,2009,2015,6,110.224999999999990,0.785000000000000
,1,520,521,1.000000000000000,092a085e-b46e-7dfc-b996-b3ada4a65f45,3,2007,2014,7,111.275000000000010,0.775000000000000
,1,521,522,1.000000000000000,55d24153-bed8-79ba-b33d-4f85a724d97d,6,2009,2015,6,110.224999999999990,0.725000000000000
,1,522,523,1.000000000000000,6e42cab9-3d0e-77b2-1a2b-34e0649fa5bf,5,2009,2015,6,110.215000000000000,0.675000000000000
,1,523,524,1.000000000000000,f2e09099-e2a1-e502-b070-b78ab64023f9,5,2009,2015,6,110.224999999999990,0.675000000000000
,1,524,525,1.000000000000000,5fab4635-f2e6-ce63-18d1-7dd8090f900a,10,2009,2015,6,110.224999999999990,0.655000000000000
,1,525,526,1.000000000000000,daa83c3b-d09f-3755-5a4a-dd0f13875b41,4,2009,2013,4,109.025000000000010,0.575000000000000
,1,526,527,1.000000000000000,1d6bed58-318e-d6e6-9937-7f025033b433,5,2009,2015,6,110.224999999999990,0.575000000000000
,1,527,528,1.000000000000000,7042d3d5-b58d-9fd8-32f0-86af264299dd,5,2009,2013,4,109.075000000000000,0.485000000000000
,1,528,529,1.000000000000000,c543a524-f624-b5db-8ddd-6684a66477da,5,2009,2013,4,109.075000000000000,0.475000000000000
,1,529,530,1.000000000000000,95650e53-3cdc-dcc0-bd13-75a0f398b491,6,2009,2014,5,109.095000000000000,0.475000000000000
,1,530,531,1.000000000000000,7d94142b-fb2a-6fd0-8498-ce641b89975d,5,2009,2013,4,109.075000000000000,0.455000000000000
,1,531,532,1.000000000000000,82ba9767-6fbe-7ce8-05be-b3d84587863c,3,2014,2015,1,101.974999999999990,0.425000000000000
,1,532,533,1.000000000000000,0befa0e7-2dc9-04ef-0f28-a475119fe209,4,2009,2013,4,109.025000000000010,0.425000000000000
,1,533,534,1.000000000000000,b85e819c-5026-3446-1408-9b957bfaaf65,4,2012,2015,3,101.925000000000000,0.415000000000000
,1,534,535,1.000000000000000,efdac8af-8a64-b517-29dc-f53855ba4240,4,2009,2013,4,109.025000000000010,0.415000000000000
,1,535,536,1.000000000000000,f6477659-fe2a-8afa-a45a-07852d24ef36,4,2012,2015,3,101.974999999999990,0.405000000000000
,1,536,537,1.000000000000000,949533d8-4b11-24b7-104f-5227733b4fe3,4,2012,2015,3,101.974999999999990,0.385000000000000
,1,537,538,1.000000000000000,61b4bb3d-c03b-0347-9f03-aa769f1823e2,5,2009,2014,5,109.125000000000000,0.375000000000000
,1,538,539,1.000000000000000,5503e8a1-00c8-4b60-5bfe-b10d26656074,3,2009,2014,5,111.625000000000000,0.375000000000000
,1,539,540,1.000000000000000,55742139-c795-54a8-ac64-97790da2001c,5,2009,2013,4,109.075000000000000,0.345000000000000
,1,540,541,1.000000000000000,3ae8f4c2-a945-03a6-fa5e-23b0187d79c9,5,2009,2014,5,109.125000000000000,0.325000000000000
,1,541,542,1.000000000000000,ced44269-6636-2301-6d8c-a3417cc7c436,4,2005,2015,10,109.595000000000000,0.275000000000000
,1,542,543,1.000000000000000,b7ab0895-093e-3a74-b2a1-7b34427612ac,4,2005,2015,10,109.605000000000000,0.275000000000000
,1,543,544,1.000000000000000,10dd8162-2dc4-7d32-67ab-2a59c0f44b16,3,2007,2014,7,111.275000000000010,0.275000000000000
,1,544,545,1.000000000000000,a4c0932a-7858-ddd0-2436-4ccabac9f362,4,2005,2015,10,109.584999999999990,0.255000000000000
,1,545,546,1.000000000000000,8f99cf8d-ce28-f4e7-4a05-60af7e60d26c,3,2009,2014,5,111.625000000000000,0.255000000000000
,1,546,547,1.000000000000000,d42b9a51-efd2-5313-04fd-abcf7e48d696,4,2005,2015,10,109.614999999999990,0.245000000000000
,1,547,548,1.000000000000000,a6834f0b-346e-5374-777e-585f907b3b3a,3,2005,2012,7,109.625000000000000,0.225000000000000
,1,548,549,1.000000000000000,f243424d-eac2-e9ed-b527-820a276fc801,3,2005,2015,10,109.795000000000000,0.225000000000000
,1,549,550,1.000000000000000,371440b0-cb85-bc34-0d00-1ff0ffee5c38,3,2005,2014,9,109.474999999999990,0.185000000000000
,1,550,551,1.000000000000000,6b9a24cc-df38-271d-7160-5d2f284818e1,4,2005,2014,9,109.505000000000000,0.175000000000000
,1,551,552,1.000000000000000,d5b760fe-129a-0738-e43e-1511a19f3404,3,2005,2012,7,109.625000000000000,0.175000000000000
,1,552,553,1.000000000000000,9c032868-f97d-93ff-b4d1-325831289421,3,2005,2014,9,109.474999999999990,0.155000000000000
,1,553,554,1.000000000000000,01098d0d-2636-c538-e03e-b7974c59c6e5,3,2005,2014,9,109.474999999999990,0.145000000000000
,1,554,555,1.000000000000000,0aeb6b54-7029-2ad3-856d-06edcde9ad67,3,2005,2014,9,109.474999999999990,0.135000000000000
,1,555,556,1.000000000000000,2ec9a8b9-648a-4618-fd91-5cd04c1eeb9f,3,2005,2014,9,109.375000000000000,0.125000000000000
,1,556,557,1.000000000000000,8b7aa896-f811-b3f7-df6b-81a9b43b7fa2,3,2005,2014,9,109.385000000000010,0.125000000000000
,1,557,558,1.000000000000000,957a1bb8-6aaa-0f8b-e8cd-3560e54be2b4,3,2005,2014,9,109.395000000000000,0.125000000000000
,1,558,559,1.000000000000000,a588479e-8f91-5c7a-2abe-9d95ef5559c7,3,2005,2014,9,109.405000000000000,0.125000000000000
,1,559,560,1.000000000000000,52af85b2-e970-8144-939f-ba88ec2a507b,4,2005,2014,9,109.485000000000000,0.125000000000000
,1,560,561,1.000000000000000,56e90fd0-825c-20ca-bb23-c640f1d10004,3,2005,2010,5,109.675000000000000,0.125000000000000
,1,561,562,1.000000000000000,81752059-2493-b847-cc9c-5801606b1a70,3,2005,2014,9,109.375000000000000,0.115000000000000
,1,562,563,1.000000000000000,51c0e2c4-9304-53a8-2883-b31b67af0aef,3,2005,2014,9,109.375000000000000,0.105000000000000
,1,563,564,1.000000000000000,b874586d-ee3f-3afb-3ed1-013ae605d1c7,3,2005,2014,9,109.425000000000000,0.105000000000000
,1,564,565,1.000000000000000,807b18c5-6ee6-1210-f249-a0ad06f338af,3,2005,2014,9,109.375000000000000,0.095000000000000
,1,565,566,1.000000000000000,7926ffa0-0cf2-6413-5381-88bc6448eb78,3,2005,2014,9,109.425000000000000,0.095000000000000
,1,566,567,1.000000000000000,cc84d890-f8de-87c7-191b-cccaae5229fd,4,2005,2012,7,109.625000000000000,0.095000000000000
,1,567,568,1.000000000000000,08cb1b00-e7f2-a07c-b186-49b92119b8c5,3,2005,2014,9,109.375000000000000,0.085000000000000
,1,568,569,1.000000000000000,4e750f97-4153-9765-aaa5-feba8989cb49,3,2005,2014,9,109.425000000000000,0.085000000000000
,1,569,570,1.000000000000000,a2efd195-a8a7-05bc-3e57-712bad0ee79a,3,2005,2014,9,109.364999999999990,0.075000000000000
,1,570,571,1.000000000000000,a0e594cd-deb8-0aea-3923-492907b35d36,3,2005,2014,9,109.375000000000000,0.075000000000000
,1,571,572,1.000000000000000,8c34a72a-1d58-ac64-1ae4-f622b0c95163,3,2005,2014,9,109.425000000000000,0.075000000000000
,1,572,573,1.000000000000000,090f7c45-956b-0cd3-cada-c824d072fb65,3,2005,2014,9,109.435000000000000,0.075000000000000
,1,573,574,1.000000000000000,268a271e-80f3-b2b6-a4ab-251d5f1a3dc3,3,2005,2014,9,109.465000000000000,0.075000000000000
,1,574,575,1.000000000000000,fc6d57cf-baea-a5b6-4c4d-c6515dfb2739,3,2005,2012,7,109.575000000000000,0.075000000000000
,1,575,576,1.000000000000000,125a0b33-d9e2-fd0f-6ff3-8ece4a121a8e,4,2005,2012,7,109.605000000000000,0.075000000000000
,1,576,577,1.000000000000000,3e26df5f-5355-44bc-39e2-ba1c91b596bc,3,2010,2012,2,109.625000000000000,0.075000000000000
,1,577,578,1.000000000000000,f79908e6-45ba-6bb1-df51-abfecfb4f0ac,5,2009,2015,6,110.224999999999990,0.075000000000000
,1,578,579,1.000000000000000,77ef3386-557d-bf81-ec29-5a110527e6a9,4,2005,2015,10,109.375000000000000,0.065000000000000
,1,579,580,1.000000000000000,2fd08a6a-a5ee-300f-31f1-c2c4259e940b,5,2005,2015,10,109.364999999999990,0.055000000000000
,1,580,581,1.000000000000000,b46c5a50-afbe-cc90-66fe-8f618c168799,5,2005,2015,10,109.375000000000000,0.055000000000000
,1,581,582,1.000000000000000,47e2ff92-50cb-9e85-beb2-411bd1f85c02,5,2005,2015,10,109.455000000000000,0.055000000000000
,1,582,583,1.000000000000000,f9f798b9-abbb-d795-c29e-688e7fdcf614,5,2005,2015,10,109.465000000000000,0.055000000000000
,1,583,584,1.000000000000000,269733d1-4733-e573-b9d9-096e5c3afdb3,8,2005,2015,10,109.355000000000000,0.045000000000000
,1,584,585,1.000000000000000,49c51a8c-b271-259f-4072-6a82ac70b67a,7,2005,2015,10,109.485000000000000,0.025000000000000
,1,585,586,1.000000000000000,23d88513-78cc-dd48-70c6-83a082698c97,6,2005,2015,10,109.495000000000000,0.025000000000000
,1,586,587,1.000000000000000,46c2cd86-e405-7564-79ce-408e61e3b45e,5,2005,2012,7,109.545000000000000,0.025000000000000
,1,587,588,1.000000000000000,ff5b371e-704b-79fa-c040-da24369e4f2e,4,2008,2012,4,109.675000000000000,0.025000000000000
,1,588,589,1.000000000000000,10ded219-1dc1-e4fb-b541-6c210b9b2512,9,2005,2015,10,109.485000000000000,0.015000000000000
,1,589,590,1.000000000000000,4622cd05-b9d6-b810-1231-e7d2df65319d,8,2005,2015,10,109.495000000000000,0.015000000000000
,1,590,591,1.000000000000000,e2840a9f-dfec-50d0-ee0f-2e4664f61e50,4,2008,2012,4,109.675000000000000,0.015000000000000
,1,591,592,1.000000000000000,abb0db2f-7043-3795-d721-1f7ddc2b9197,3,2009,2015,6,109.825000000000000,0.015000000000000
,1,592,593,1.000000000000000,b2d48693-ffea-4f05-42e0-556dcf7e944c,3,2009,2015,6,109.825000000000000,-0.025000000000000
,1,593,594,1.000000000000000,247ef0c0-1e04-3197-c39a-8961de01518f,4,2010,2015,5,109.575000000000000,-0.075000000000000
,1,594,595,1.000000000000000,5777d4e4-6ce0-4831-9110-644811f14154,7,2010,2014,4,109.345000000000000,-0.175000000000000
,1,595,596,1.000000000000000,811e38bd-2340-0a9d-73af-2b2d08649945,7,2010,2014,4,109.334999999999990,-0.185000000000000
,1,596,597,1.000000000000000,ef294e3b-1442-8a6a-88bd-e984809004e1,3,2010,2015,5,109.575000000000000,-0.225000000000000
,1,597,598,1.000000000000000,c17093b7-bc20-82fa-367e-03740f07019a,3,2007,2015,8,101.224999999999990,-0.325000000000000
,1,598,599,1.000000000000000,819fce3b-49e4-d793-c415-daf58e8060ae,8,2012,2015,3,103.705000000000000,-0.325000000000000
,1,599,600,1.000000000000000,2df01db6-b01f-0f9f-a44c-d6f661362ee3,5,2010,2015,5,109.145000000000000,-0.375000000000000
,1,600,601,1.000000000000000,306bd744-e468-8abb-37d2-25dddb966f62,4,2007,2015,8,101.275000000000010,-0.405000000000000
,1,601,602,1.000000000000000,97c3c2c1-d652-d80a-3660-3eb84776d6ea,3,2010,2015,5,109.575000000000000,-0.425000000000000
,1,602,603,1.000000000000000,44984a86-dd20-8442-57a2-f96d8db19e3d,3,2010,2015,5,109.575000000000000,-0.475000000000000
,1,603,604,1.000000000000000,544c284f-4af4-d332-6da8-ad7131d84c98,4,2010,2015,5,109.575000000000000,-0.485000000000000
,1,604,605,1.000000000000000,0d3f2ee9-45a1-6f25-7bb7-b23a818c2845,3,2009,2013,4,109.825000000000000,-0.525000000000000
,1,605,606,1.000000000000000,5b91ecc0-aaa9-a05b-d323-524477f611ab,4,2009,2015,6,109.825000000000000,-0.575000000000000
,1,606,607,1.000000000000000,ee75ef48-706e-855e-9fce-515a78a1c660,8,2005,2015,10,117.525000000000010,-0.695000000000000
,1,607,608,1.000000000000000,a05e51cd-e300-a2c9-7fdc-54af20f8f39d,8,2005,2015,10,117.545000000000000,-0.805000000000000
,1,608,609,1.000000000000000,a6b6840e-c495-dc2b-e1ba-c60061683a22,3,2010,2015,5,109.575000000000000,-0.825000000000000
,1,609,610,1.000000000000000,966c049f-7ac3-3945-25ba-f14004226246,3,2010,2015,5,109.575000000000000,-0.875000000000000
,1,610,611,1.000000000000000,98f3fdd9-0bb6-9a83-3789-5179ddd36c09,4,2008,2014,6,110.655000000000000,-1.025000000000000
,1,611,612,1.000000000000000,84398f1d-975d-9466-7422-065e0086c8d0,5,2008,2015,7,110.724999999999990,-1.025000000000000
,1,612,613,1.000000000000000,ccfe410b-6ef7-4271-316d-943a553bbc39,2,2008,2014,6,115.125000000000000,-1.025000000000000
,1,613,614,1.000000000000000,5cfbb666-b565-cc21-c5f2-73642edb91e0,3,2011,2014,3,110.675000000000000,-1.225000000000000
,1,614,615,1.000000000000000,3b6c039b-598b-8822-80d7-3767fb5cf9e4,2,2010,2014,4,116.425000000000000,-1.225000000000000
,1,615,616,1.000000000000000,ea115a3d-7c6b-384c-c4d2-5c9e4886c6d7,3,2010,2014,4,116.325000000000000,-1.275000000000000
,1,616,617,1.000000000000000,6e4ab92d-ed66-2cde-c30e-8496f3717a20,3,2011,2014,3,110.675000000000000,-1.325000000000000
,1,617,618,1.000000000000000,71b3a74e-b16b-2438-883e-d30026abd700,3,2010,2014,4,116.325000000000000,-1.325000000000000
,1,618,619,1.000000000000000,cd92ed00-0624-00d6-22bf-c8ea443319f5,2,2010,2014,4,116.425000000000000,-1.325000000000000
,1,619,620,1.000000000000000,e3ac21e6-449d-1c84-95c3-84d24ef5cedf,3,2011,2014,3,110.625000000000000,-1.375000000000000
,1,620,621,1.000000000000000,45d0840a-0221-6942-b1e9-d5276e43f332,4,2011,2014,3,110.675000000000000,-1.375000000000000
,1,621,622,1.000000000000000,456dcaff-8a59-045b-315c-0cfb3a205537,3,2011,2014,3,110.625000000000000,-1.475000000000000
,1,622,623,1.000000000000000,aa81b3ba-13bf-2542-3b3b-c59087150a1b,2,2010,2014,4,116.425000000000000,-1.475000000000000
,1,623,624,1.000000000000000,bde0912e-d587-c982-8e3b-1b85df405f12,3,2011,2014,3,110.675000000000000,-1.525000000000000
,1,624,625,1.000000000000000,8aaba135-6e8a-0517-eebc-8b4e53176ee6,3,2013,2014,1,115.224999999999990,-1.525000000000000
,0,625,626,1.000000000000000, ,0,0,0,0,0.000000000000000,0.000000000000000
,1,626,627,1.000000000000000,c60f5127-06e6-7732-75c0-c38df8804885,3,2009,2015,6,104.025000000000010,-1.975000000000000
,1,627,628,1.000000000000000,9004e5d4-0e73-7d88-dfc8-a462061c0714,5,2008,2014,6,115.005000000000000,-1.975000000000000
,1,628,629,1.000000000000000,dec1f8e7-c2a1-00e1-c4f2-81b4705c4d3e,8,2006,2014,8,101.215000000000000,-1.985000000000000
,1,629,630,1.000000000000000,7b0e26a4-a778-dece-b873-4591be94c208,4,2011,2012,1,114.175000000000000,-1.985000000000000
,1,630,631,1.000000000000000,ca5aafdc-e02c-5fb0-6fd3-c946fcd938d0,4,2011,2012,1,114.224999999999990,-1.985000000000000
,1,631,632,1.000000000000000,814ed6c9-6ec0-a7a9-4374-2250b171e10f,5,2010,2015,5,114.474999999999990,-1.985000000000000
,1,632,633,1.000000000000000,285c2f65-9856-db91-70cf-a51ad42d10ae,5,2008,2013,5,115.025000000000010,-1.995000000000000
,1,633,634,1.000000000000000,64e7235c-5d90-b79a-1e16-fee3ddbe3fba,6,2008,2015,7,102.135000000000010,-2.025000000000000
,1,634,635,1.000000000000000,51da863d-1ee2-edfd-cf6e-1344873ec4c9,10,2008,2015,7,102.145000000000000,-2.025000000000000
,1,635,636,1.000000000000000,e2bcf6af-ceb8-2f74-e27a-a51f74a934b2,4,2011,2012,1,114.175000000000000,-2.025000000000000
,1,636,637,1.000000000000000,0882e1e5-1fc1-2674-ac09-08a615f67caa,5,2010,2015,5,116.025000000000010,-2.025000000000000
,1,637,638,1.000000000000000,88a7bca1-be84-05fc-7c77-bc8988e41c37,3,2012,2015,3,116.075000000000000,-2.025000000000000
,1,638,639,1.000000000000000,758f5c6e-6149-3685-a4ff-22c511ac5dbb,6,2008,2015,7,102.015000000000000,-2.035000000000000
,1,639,640,1.000000000000000,301e671c-2260-45c3-5e2d-e6a3dc0ed883,6,2010,2014,4,104.675000000000000,-2.075000000000000
,1,640,641,1.000000000000000,a1be10b7-548a-0144-8f19-406976ac035b,5,2009,2012,3,114.245000000000000,-2.075000000000000
,1,641,642,1.000000000000000,fcf7fce2-ce4c-6390-83f1-45eda8b2684b,3,2010,2015,5,116.025000000000010,-2.075000000000000
,1,642,643,1.000000000000000,78772339-8554-0e91-7f83-2a9fcdd63e98,15,2010,2014,4,104.584999999999990,-2.095000000000000
,1,643,644,1.000000000000000,9ed3f13f-ba45-5463-878d-b90a895abced,3,2010,2015,5,116.025000000000010,-2.125000000000000
,1,644,645,1.000000000000000,5aa8f865-f3cb-e644-2f30-4f4972aa6e3a,4,2012,2015,3,114.974999999999990,-2.175000000000000
,1,645,646,1.000000000000000,187fc79d-3986-6c0e-68e4-fa0ebf04e8a4,3,2010,2015,5,116.025000000000010,-2.175000000000000
,1,646,647,1.000000000000000,ac51f1cb-73f6-a47f-af22-5a80ad142150,12,2009,2015,6,115.145000000000000,-2.275000000000000
,1,647,648,1.000000000000000,26fa497f-766c-8f39-4a56-a73b210793c3,5,2010,2015,5,104.625000000000000,-2.335000000000000
,1,648,649,1.000000000000000,b58bd263-5682-4bd5-8172-b121ca1dd77d,7,2010,2015,5,104.625000000000000,-2.385000000000000
,1,649,650,1.000000000000000,cfe5b52d-8eaf-4e66-62fc-1af5c8d7a2c7,8,2010,2015,5,104.635000000000010,-2.425000000000000
,1,650,651,1.000000000000000,5cf7a563-d59a-7b6e-e583-2c43bf967b41,8,2010,2015,5,104.645000000000000,-2.425000000000000
,1,651,652,1.000000000000000,47cd0822-02dc-4b7b-1e1c-872ee76d64c2,7,2010,2015,5,104.625000000000000,-2.435000000000000
,1,652,653,1.000000000000000,a90cb7f5-7560-e8b9-1e1d-b7a5e6b7c95a,8,2010,2015,5,104.635000000000010,-2.435000000000000
,1,653,654,1.000000000000000,86bb3e8a-dfdf-0ccc-aa2b-a422b09e8879,3,2009,2015,6,111.425000000000000,-2.525000000000000
,1,654,655,1.000000000000000,89dbc1d6-cf0e-cd6e-b618-ec40158a3f6d,7,2011,2015,4,101.775000000000010,-2.575000000000000
,1,655,656,1.000000000000000,579f095c-ce4e-1adc-09cb-1315123dbaf8,3,2011,2012,1,113.025000000000010,-2.575000000000000
,1,656,657,1.000000000000000,5efcac3a-923f-9fbc-01a6-4c3fdf16f1c2,5,2011,2015,4,101.825000000000000,-2.585000000000000
,1,657,658,1.000000000000000,4e4628e4-8116-08b6-2a53-98f2ab29c654,8,2010,2015,5,104.655000000000000,-2.605000000000000
,1,658,659,1.000000000000000,350c26d3-206f-7df8-ad3e-b1e7400a3d28,7,2010,2015,5,104.614999999999990,-2.625000000000000
,1,659,660,1.000000000000000,9984d874-e83b-fc40-cafe-46aca91d53c5,3,2010,2013,3,112.474999999999990,-2.625000000000000
,1,660,661,1.000000000000000,8a172855-4e8b-81d7-91c4-899fb8da22e5,7,2010,2015,5,104.625000000000000,-2.645000000000000
,1,661,662,1.000000000000000,79cee534-2a86-5170-c507-fead0244420f,7,2010,2015,5,104.625000000000000,-2.655000000000000
,1,662,663,1.000000000000000,98915de1-2b01-fe99-abe0-c040c606e36c,7,2010,2015,5,104.575000000000000,-2.665000000000000
,1,663,664,1.000000000000000,ccd7920b-5152-badc-df67-91c9c8e21c9e,7,2010,2015,5,104.614999999999990,-2.665000000000000
,1,664,665,1.000000000000000,bafef2fb-6045-292c-041b-f46e708af0dc,9,2010,2015,5,104.555000000000010,-2.675000000000000
,1,665,666,1.000000000000000,93939bc6-fcbb-ff14-9b46-1f302f4a1c72,7,2010,2015,5,104.595000000000000,-2.675000000000000
,1,666,667,1.000000000000000,c0ba3702-0a42-db79-67e8-6f056606b875,7,2010,2015,5,104.605000000000000,-2.675000000000000
,1,667,668,1.000000000000000,0cba188b-3be9-92d5-1700-c0a261e3bc45,7,2010,2015,5,104.625000000000000,-2.675000000000000
,1,668,669,1.000000000000000,0d0438ac-5090-c191-ffb5-fa238dba8ca3,6,2011,2015,4,104.515000000000000,-2.725000000000000
,1,669,670,1.000000000000000,c85d3343-d1d1-a2cb-5d8a-a17020104529,9,2010,2015,5,104.555000000000010,-2.725000000000000
,1,670,671,1.000000000000000,0d0a14c4-4bd4-0d20-5b4d-2bf4e7e655a6,9,2010,2015,5,104.565000000000000,-2.725000000000000
,1,671,672,1.000000000000000,d5cadf78-0890-3a45-7228-9152a2309cdd,9,2010,2015,5,104.555000000000010,-2.735000000000000
,1,672,673,1.000000000000000,b3438b99-d4a6-92e7-d6b2-77aa719d5d20,9,2010,2015,5,104.555000000000010,-2.745000000000000
,1,673,674,1.000000000000000,a8c85f5e-6f41-2593-90ae-dbbef3ff8835,5,2009,2015,6,113.925000000000000,-2.965000000000000
,1,674,675,1.000000000000000,c71f528f-45a9-7aa8-b25d-7d1eb8f6d1a4,7,2010,2015,5,114.575000000000000,-2.965000000000000
,1,675,676,1.000000000000000,13b6c3b6-9d3e-dd17-cb57-462009bb181d,7,2010,2015,5,114.584999999999990,-2.965000000000000
,1,676,677,1.000000000000000,5f9907f0-b5ae-4f77-1ac3-7cbb7dd830d9,5,2009,2015,6,113.925000000000000,-2.975000000000000
,1,677,678,1.000000000000000,fd6d501f-c081-b47e-f437-2a9f199bd86c,4,2011,2015,4,113.974999999999990,-2.975000000000000
,1,678,679,1.000000000000000,5f569161-0844-c013-50ab-973675c2603b,5,2010,2015,5,113.985000000000000,-2.975000000000000
,1,679,680,1.000000000000000,b1a9a830-69f8-8f34-ebf5-94887188397c,6,2009,2015,6,113.925000000000000,-3.025000000000000
,1,680,681,1.000000000000000,9f4f141a-60d2-b3be-739f-80968a477ad0,5,2011,2015,4,103.625000000000000,-3.975000000000000
,1,681,682,1.000000000000000,5aa51621-e41c-78f9-c825-f8177b6e4561,5,2009,2015,6,102.875000000000000,-3.985000000000000
,1,682,683,1.000000000000000,8380a37f-7317-b662-8642-897584b3f793,6,2009,2015,6,102.875000000000000,-3.995000000000000
,1,683,684,1.000000000000000,b9f8d4d6-77bb-11d8-6466-9f7e3af0eb03,10,2012,2015,3,102.995000000000000,-4.005000000000000
,1,684,685,1.000000000000000,48f360a8-22bb-641b-bd1c-5ecb5b9f0761,15,2009,2015,6,102.875000000000000,-4.045000000000000
,1,685,686,1.000000000000000,45826a8c-17a2-40ac-e5ac-b8b82f095c1b,7,2004,2015,11,103.155000000000000,-4.165000000000000
,1,686,687,1.000000000000000,6bbc6075-18a3-a485-9972-b210f8a331e2,7,2004,2015,11,103.155000000000000,-4.185000000000000
,1,687,688,1.000000000000000,ace00941-be45-2a14-d40a-212846455389,7,2004,2015,11,103.155000000000000,-4.195000000000000
,1,688,689,1.000000000000000,7fce0d74-4bcd-ff29-ec7f-95c73a8fa339,7,2004,2015,11,103.155000000000000,-4.205000000000000
,1,689,690,1.000000000000000,38277ee2-783b-8b82-a01f-21d274e4b363,7,2004,2015,11,103.155000000000000,-4.215000000000000
,1,690,691,1.000000000000000,f366394e-f145-4cf4-8a4f-4d6959fff5be,7,2004,2015,11,103.155000000000000,-4.225000000000000
,1,691,692,1.000000000000000,8ec5b9f1-feaa-09cf-4a81-4c7ef5856abc,7,2004,2015,11,103.155000000000000,-4.235000000000000
,1,692,693,1.000000000000000,15683d1a-b7a1-e2b2-1eb6-0a8acf5dd0b3,4,2011,2015,4,103.825000000000000,-4.265000000000000
,1,693,694,1.000000000000000,4ea6ebc6-ec07-6ce4-e54f-50233a697481,4,2011,2015,4,103.825000000000000,-4.275000000000000
,1,694,695,1.000000000000000,07c88a97-722d-0a51-4b91-cbc22055a412,6,2011,2015,4,103.845000000000000,-4.275000000000000
,1,695,696,1.000000000000000,7ef695d5-f94a-2b5f-f11a-e6be008bc16c,7,2011,2015,4,103.855000000000000,-4.275000000000000
,1,696,697,1.000000000000000,1cb96fac-efcb-1918-4dde-4bd154e7a9a4,7,2011,2015,4,103.864999999999990,-4.275000000000000
,1,697,698,1.000000000000000,e0556309-8578-9191-7802-8b6342769d88,14,2011,2015,4,103.855000000000000,-4.305000000000000
,1,698,699,1.000000000000000,70f0a351-d24d-13af-592f-1dbc663522ad,7,2011,2015,4,103.864999999999990,-4.325000000000000
,1,699,700,1.000000000000000,d7647dec-0b23-6e4e-27b9-b5d254ee1ae5,6,2011,2015,4,103.974999999999990,-4.425000000000000
,1,700,701,1.000000000000000,1d1efa27-5e1b-d182-0c37-1a839676f7c5,7,2010,2015,5,103.985000000000000,-4.425000000000000
,1,701,702,1.000000000000000,287c2dc4-fc0d-9a0b-55c6-cf236d4ab068,7,2010,2015,5,103.985000000000000,-4.465000000000000